SOCbp,OCV_V_15C,R0_ohm_15C,R1_ohm_15C,C1_F_15C,tau1_s_15C,R2_ohm_15C,C2_F_15C,tau2_s_15C,OCV_V_25C,R0_ohm_25C,R1_ohm_25C,C1_F_25C,tau1_s_25C,R2_ohm_25C,C2_F_25C,tau2_s_25C,OCV_V_45C,R0_ohm_45C,R1_ohm_45C,C1_F_45C,tau1_s_45C,R2_ohm_45C,C2_F_45C,tau2_s_45C
0,3.0144,0.00295523377237883,0.000986044925816128,353.129557581375,0.348201608408809,0.0048673193251141,4237.18914876792,20.6237526279619,2.9285,0.00221955147764945,0.000527069419139558,689.366016637592,0.363343745963727,0.00756573519495578,4358.03935978282,32.9717717653114,2.8826,0.00189248700189288,0.000259811522980365,1164.01029647484,0.302423287891955,0.00885815224169,3903.00170195837,34.5733832755224
0.005,3.02235195314577,0.00295523377237883,0.000986044925816128,353.129557581375,0.348201608408809,0.0048673193251141,4237.18914876792,20.6237526279619,2.96098852233912,0.00221955147764945,0.000527069419139558,689.366016637592,0.363343745963727,0.00756573519495578,4358.03935978282,32.9717717653114,2.91797193598605,0.00189248700189288,0.000259811522980365,1164.01029647484,0.302423287891955,0.00885815224169,3903.00170195837,34.5733832755224
0.01,3.03933091204292,0.00295523377237883,0.000986044925816128,353.129557581375,0.348201608408809,0.0048673193251141,4237.18914876792,20.6237526279619,2.98135319413196,0.00221955147764945,0.000527069419139558,689.366016637592,0.363343745963727,0.00756573519495578,4358.03935978282,32.9717717653114,2.94161003185644,0.00189248700189288,0.000259811522980365,1164.01029647484,0.302423287891955,0.00885815224169,3903.00170195837,34.5733832755224
0.015,3.05630987094007,0.00295523377237883,0.000986044925816128,353.129557581375,0.348201608408809,0.0048673193251141,4237.18914876792,20.6237526279619,2.99665189169464,0.00221955147764945,0.000527069419139558,689.366016637592,0.363343745963727,0.00756573519495578,4358.03935978282,32.9717717653114,2.95838434622152,0.00189248700189288,0.000259811522980365,1164.01029647484,0.302423287891955,0.00885815224169,3903.00170195837,34.5733832755224
0.02,3.07209166732984,0.00295523377237883,0.000986044925816128,353.129557581375,0.348201608408809,0.0048673193251141,4237.18914876792,20.6237526279619,3.01195058925733,0.00221955147764945,0.000527069419139558,689.366016637592,0.363343745963727,0.00756573519495578,4358.03935978282,32.9717717653114,2.97515866058659,0.00189248700189288,0.000259811522980365,1164.01029647484,0.302423287891955,0.00885815224169,3903.00170195837,34.5733832755224
0.025,3.08269632153104,0.00295523377237883,0.000986044925816128,353.129557581375,0.348201608408809,0.0048673193251141,4237.18914876792,20.6237526279619,3.02724928682002,0.00221955147764945,0.000527069419139558,689.366016637592,0.363343745963727,0.00756573519495578,4358.03935978282,32.9717717653114,2.99193297495167,0.00189248700189288,0.000259811522980365,1164.01029647484,0.302423287891955,0.00885815224169,3903.00170195837,34.5733832755224
0.03,3.09330097573224,0.00295523377237883,0.000986044925816128,353.129557581375,0.348201608408809,0.0048673193251141,4237.18914876792,20.6237526279619,3.04254798438271,0.00221955147764945,0.000527069419139558,689.366016637592,0.363343745963727,0.00756573519495578,4358.03935978282,32.9717717653114,3.00870728931675,0.00189248700189288,0.000259811522980365,1164.01029647484,0.302423287891955,0.00885815224169,3903.00170195837,34.5733832755224
0.035,3.10390562993344,0.00295523377237883,0.000986044925816128,353.129557581375,0.348201608408809,0.0048673193251141,4237.18914876792,20.6237526279619,3.05784668194539,0.00221955147764945,0.000527069419139558,689.366016637592,0.363343745963727,0.00756573519495578,4358.03935978282,32.9717717653114,3.02548160368183,0.00189248700189288,0.000259811522980365,1164.01029647484,0.302423287891955,0.00885815224169,3903.00170195837,34.5733832755224
0.04,3.11451028413464,0.00295523377237883,0.000986044925816128,353.129557581375,0.348201608408809,0.0048673193251141,4237.18914876792,20.6237526279619,3.07314537950808,0.00221955147764945,0.000527069419139558,689.366016637592,0.363343745963727,0.00756573519495578,4358.03935978282,32.9717717653114,3.0422559180469,0.00188446779670771,0.000250109670394772,1221.85271299432,0.305597179317969,0.00847329548123742,3984.62616830925,33.7629149063552
0.045,3.12511493833583,0.00295523377237883,0.000986044925816128,353.129557581375,0.348201608408809,0.0048673193251141,4237.18914876792,20.6237526279619,3.08844407707077,0.00221955147764945,0.000527069419139558,689.366016637592,0.363343745963727,0.00756573519495578,4358.03935978282,32.9717717653114,3.05903023241198,0.00187611953682853,0.000240009718488834,1287.0366584474,0.308901306078771,0.00807264676626738,4077.86829699593,32.9191903210085
0.05,3.13571959253703,0.00295523377237883,0.000986044925816128,353.129557581375,0.348201608408809,0.0048673193251141,4237.18914876792,20.6237526279619,3.1021147670589,0.00221955147764945,0.000527069419139558,689.366016637592,0.363343745963727,0.00756573519495578,4358.03935978282,32.9717717653114,3.07580454677706,0.00186777127694935,0.000229909766582895,1357.94767434121,0.312205432839573,0.00767199805129735,4180.84904625827,32.0754657356618
0.055,3.14632424673823,0.00295523377237883,0.000986044925816128,353.129557581375,0.348201608408809,0.0048673193251141,4237.18914876792,20.6237526279619,3.11204891486863,0.00221955147764945,0.000527069419139558,689.366016637592,0.363343745963727,0.00756573519495578,4358.03935978282,32.9717717653114,3.09257886114213,0.00185942301707017,0.000219809814676957,1435.37521317719,0.315509559600375,0.00727134933632731,4295.17819949633,31.2317411503151
0.06,3.15692890093943,0.00295523377237883,0.000986044925816128,353.129557581375,0.348201608408809,0.0048673193251141,4237.18914876792,20.6237526279619,3.12198306267836,0.00221955147764945,0.000527069419139558,689.366016637592,0.363343745963727,0.00756573519495578,4358.03935978282,32.9717717653114,3.10539579194103,0.00185107475719099,0.000209709862771019,1520.26081247923,0.318813686361177,0.00687070062135727,4422.84102301134,30.3880165649685
0.065,3.16753355514062,0.00295523377237883,0.000986044925816128,353.129557581375,0.348201608408809,0.0048673193251141,4237.18914876792,20.6237526279619,3.13191721048809,0.00221955147764945,0.000527069419139558,689.366016637592,0.363343745963727,0.00756573519495578,4358.03935978282,32.9717717653114,3.11550063725534,0.0018427264973118,0.00019960991086508,1613.73657112499,0.322117813121979,0.00647005190638724,4566.31452221514,29.5442919796218
0.07,3.17813820934182,0.00295523377237883,0.000986044925816128,353.129557581375,0.348201608408809,0.0048673193251141,4237.18914876792,20.6237526279619,3.14185135829782,0.00221955147764945,0.000527069419139558,689.366016637592,0.363343745963727,0.00756573519495578,4358.03935978282,32.9717717653114,3.12560548256965,0.00183437823743262,0.000189509958959142,1717.17592927632,0.325421939882781,0.0060694031914172,4728.72974312546,28.7005673942751
0.075,3.18593738105777,0.00295523377237883,0.000986044925816128,353.129557581375,0.348201608408809,0.0048673193251141,4237.18914876792,20.6237526279619,3.15178550610755,0.00221172486442722,0.000514201521402269,710.970371005127,0.365582046442772,0.00733093260015163,4400.75785401598,32.261659217379,3.13571032788395,0.00182602997755344,0.000179410007053203,1832.26160035822,0.328726066643583,0.00566875447644716,4914.10289944105,27.8568428089284
0.08,3.19328800314052,0.00295523377237883,0.000986044925816128,353.129557581375,0.348201608408809,0.0048673193251141,4237.18914876792,20.6237526279619,3.16171965391729,0.00219946517748647,0.000494045114874285,747.073763259274,0.369088143188992,0.0069631354159245,4473.4634333807,31.1493316648163,3.14581517319826,0.00181768171767426,0.000169310055147265,1961.0778173546,0.332030193404384,0.00526810576147713,5127.67196534178,27.0131182235818
0.085,3.20063862522327,0.00295523377237883,0.000986044925816128,353.129557581375,0.348201608408809,0.0048673193251141,4237.18914876792,20.6237526279619,3.17165380172702,0.00218720549054572,0.000473888708346302,786.248402574162,0.372594239935213,0.00659533823169737,4554.27804564973,30.0370041122536,3.15592001851256,0.0018093482516516,0.000159502927388144,2102.97266273419,0.335430295923343,0.0048774955654373,5370.48898945097,26.194536230277
0.09,3.20798924730602,0.00295523377237883,0.000986044925816128,353.129557581375,0.348201608408809,0.0048673193251141,4237.18914876792,20.6237526279619,3.18158794953675,0.00217494580360497,0.000453732301818319,828.903596182645,0.376100336681434,0.00622754104747024,4644.63844384306,28.9246765596909,3.16602486382687,0.00180143567833001,0.000158026794720885,2161.41166383292,0.341560957307851,0.00477248631059735,5467.01907559858,26.0912736980688
0.095,3.21533986938877,0.00295301553464379,0.000974776807146344,357.281226840861,0.348269453553263,0.00481122668995878,4261.60795382281,20.5035619295729,3.19152209734648,0.00216268611666422,0.000433575895290336,875.524764063413,0.379606433427655,0.00585974386324311,4746.34210235519,27.8123490071282,3.17612970914117,0.00179352310500843,0.000156550662053626,2220.95271991414,0.347691618692358,0.00466747705575739,5567.8926442293,25.9880111658606
0.1,3.22269049147152,0.00294678716033878,0.000943138151072549,369.468618090686,0.348459949345379,0.00465372962732036,4333.31795252559,20.1660901402676,3.20070128126732,0.00215042642972348,0.000413419488762353,926.691993453896,0.383112530173875,0.00549194667901598,4861.66800500501,26.7000214545655,3.18623455445548,0.00178561053168684,0.000155074529386367,2281.62730189767,0.353822280076866,0.00456246780091743,5673.409602682,25.8847486336524
0.105,3.23004111355426,0.00294055878603377,0.000911499494998753,382.502071641819,0.348650445137495,0.00449623256468194,4410.05176349565,19.8286183509622,3.20800963106142,0.00213816674278273,0.00039326308223437,983.104299349629,0.386618626920096,0.00512414949478886,4993.54945206515,25.5876939020028,3.19633939976978,0.00177769795836526,0.000153598396719107,2343.46809048819,0.359952941461374,0.00445745854607748,5783.89811928407,25.7814861014442
0.11,3.23739173563701,0.00293433041172876,0.000879860838924958,396.472857407583,0.348840940929611,0.00433873550204353,4492.35648323724,19.4911465616568,3.21531798085553,0.00212590705584198,0.000373106675706387,1045.61174877858,0.390124723666317,0.00475635231056173,5145.82704378128,24.4753663494401,3.20454795394299,0.00176978538504367,0.000152122264051848,2406.50903487151,0.366083602845882,0.00435244929123752,5899.7180325414,25.678223569236
0.115,3.24474235771976,0.00292810203742375,0.000848222182851162,411.485862758875,0.349031436721727,0.00418123843940511,4580.86163942293,19.1536747723515,3.22262633064964,0.00211364736890123,0.000352950269178404,1115.25859246072,0.393630820412538,0.0043885551263346,5323.62887654795,23.3630387968774,3.21181160229413,0.00176187281172208,0.000150646131384589,2470.78541486175,0.37221426423039,0.00424744003639756,6021.26476603989,25.5749610370278
0.12,3.25209297980251,0.00292187366311874,0.000816583526777367,427.662230576756,0.349221932513843,0.00402374137676669,4676.29532347479,18.8162029830461,3.22993468044375,0.00210138768196048,0.000332793862650421,1193.3420706617,0.397136917158758,0.00402075794210747,5533.95940882033,22.2507112443147,3.21907525064528,0.0017539602384005,0.00014916999871733,2536.33390673846,0.378344925614897,0.00414243078155761,6148.97383879567,25.4716985048196
0.125,3.25932934681414,0.00291564528881373,0.000784944870703572,445.14263529459,0.349412428305959,0.00386624431412827,4779.50426624996,18.4787311937407,3.23724303023786,0.00209081071402179,0.000319700481071231,1255.98654792423,0.401539503590372,0.00383096267921584,5668.79730410663,21.7169509080719,3.22633889899642,0.00174604766507891,0.000147693866050071,2603.19265303178,0.384475586999405,0.00403742152671765,6283.32607946328,25.3684359726115
0.13,3.26646700474044,0.00290941691450872,0.000753306214629776,464.091384497462,0.349602924098075,0.00370874725148985,4891.4790289761,18.1412594044354,3.24455138003196,0.00208125715740747,0.000310902754148613,1307.44202113456,0.406487325260363,0.00374942624137538,5743.56380133458,21.5350688357376,3.23360254734757,0.00173813509175733,0.000146217733382812,2671.40133653467,0.390606248383913,0.0039324122718777,6424.85367597008,25.2651734404033
0.135,3.27360466266674,0.00290318854020371,0.000721667558555981,484.70159943189,0.349793419890191,0.00355125018885144,5013.3858974572,17.80378761513,3.25185972982607,0.00207170360079314,0.000302105027225995,1361.89440708173,0.411435146930355,0.00366788980353491,5821.65438635158,21.3531867634033,3.24086619569871,0.00173042317871478,0.000144867647399217,2738.06345712605,0.396656811463619,0.00383497243281399,6568.95511722226,25.1917617869398
0.14,3.28074232059304,0.0028969601658987,0.000690028902482186,507.201820711188,0.349983915682307,0.00339375312621302,5146.6076571441,17.4663158258247,3.25916807962018,0.00206215004417882,0.000293307300303376,1419.61338217518,0.416382968600346,0.00358635336569445,5903.29578049524,21.1713046910689,3.24812984404986,0.00172437914519605,0.000144565255975486,2781.03890315805,0.40204160091283,0.00380044924890987,6674.59757509587,25.3664693410488
0.145,3.28787997851934,0.00289071932478829,0.000658879811821152,531.522889861716,0.350209701650722,0.00323987847423748,5290.44626352336,17.1404029682994,3.26647642941429,0.00205259648756449,0.000284509573380758,1480.90197902224,0.421330790270337,0.00350481692785398,5988.73580298145,20.9894226187346,3.255393492401,0.00171833511167732,0.000144262864551756,2824.19451206636,0.407426390362042,0.00376592606500576,6782.17693451151,25.5411768951578
0.15,3.29501763644565,0.00288407555852247,0.000643553396961323,546.304412547737,0.351576060470056,0.0032030795552357,5366.1086588303,17.1880729362726,3.27387153404286,0.00204304293095017,0.00027571184645814,1546.10190826548,0.426278611940329,0.00342328049001352,6078.24588347364,20.8075405464003,3.26265714075215,0.00171229107815859,0.000143960473128025,2867.53141915654,0.412811179811253,0.00373140288110164,6891.74695648906,25.7158844492667
0.155,3.30215529437195,0.00287743179225665,0.000628226982101495,561.807164201633,0.35294241928939,0.00316628063623392,5443.52977023115,17.2357429042458,3.28149933230456,0.00203348937433585,0.000266914119535521,1615.59993289501,0.43122643361032,0.00334174405217306,6172.12394248256,20.625658474066,3.26992078910329,0.00170624704463986,0.000143658081704294,2911.05076929315,0.418195969260464,0.00369687969719752,7003.36341023012,25.8905920033757
0.16,3.30929295229825,0.00287078802599083,0.000612900567241666,578.08525076633,0.354308778108725,0.00312948171723213,5522.77163884671,17.2834128722189,3.28912713056625,0.00202393581772152,0.000258116392612903,1689.8355461462,0.436174255280312,0.00326020761433259,6270.69770399171,20.4437764017317,3.27713975088511,0.00170020301112113,0.000143355690280563,2954.75371700056,0.423580758709676,0.0036623565132934,7117.08416776861,26.0652995574847
0.165,3.31643061022455,0.002864144259725,0.000597574152381838,595.198328961172,0.355675136928059,0.00309268279823035,5603.89925863364,17.3310828401921,3.29675492882794,0.0020143822611072,0.000249318665690285,1769.31027498072,0.441122076950303,0.00317867117649213,6374.32851791789,20.2618943293974,3.2843431167038,0.0016941589776024,0.000143053298856833,2998.64142656504,0.428965548158887,0.00362783332938929,7232.96930402561,26.2400071115937
0.17,3.32356826815085,0.00285750049345918,0.000582247737522009,613.212336842952,0.357041495747393,0.00305588387922857,5686.98075417458,17.3787528081652,3.30438272708963,0.00200482870449287,0.000240520938767667,1854.59902537292,0.446069898620295,0.00309713473865166,6483.41578636158,20.080012257063,3.29154648252249,0.00168811494408367,0.000142750907433102,3042.71507213816,0.434350337608099,0.00359331014548517,7351.08120263196,26.4147146657027
0.175,3.33081217022286,0.00285085672719336,0.000566921322662181,632.20034286891,0.358407854566727,0.00301908496022679,5772.08757147045,17.4264227761384,3.31201052535132,0.00199648016028642,0.00023461095104613,1922.97876230755,0.451151876266484,0.00304429157635441,6582.80378296296,20.0399741052681,3.29874984834119,0.00168207091056494,0.000142448516009371,3086.97583784152,0.43973512705731,0.00355878696158105,7471.48466791025,26.5894222198117
0.18,3.33845339494451,0.00284421296092753,0.000551594907802352,652.243536510267,0.359774213386061,0.002982286041225,5859.29468285809,17.4740927441116,3.31963832361301,0.0019889170800944,0.000230583280229128,1978.98694318017,0.456321300889098,0.00301015157034676,6674.87789171342,20.092394167614,3.30595321415988,0.0016760268770462,0.000142146124585641,3131.42491787277,0.445119916506522,0.00352426377767693,7594.24704343857,26.7641297739207
0.185,3.34609461966616,0.00283756919466171,0.000536268492942524,673.432388734614,0.361140572205395,0.00294548712222322,5948.6808072885,17.5217627120847,3.32726612187471,0.00198135399990237,0.000226555609412126,2036.98653372213,0.461490725511713,0.00297601156433911,6769.06449939603,20.1448142299599,3.31315657997857,0.00167029551033392,0.000141899501354576,3177.10843887759,0.450830103226147,0.00349179641819189,7719.82105900822,26.9560435229273
0.19,3.35373584438781,0.00283092542839589,0.000520942078082696,695.868017340661,0.362506931024729,0.00290868820322144,6040.32864732608,17.5694326800579,3.3348939201364,0.00197379091971035,0.000222527938595125,2097.08566519994,0.466660150134328,0.00294187155833146,6865.43715177052,20.1972342923059,3.32035994579726,0.00166598069009498,0.000141905537616036,3227.60140208522,0.458014512173177,0.00346864303374542,7849.15316917985,27.2259104610765
0.195,3.36137706910946,0.00282428166213007,0.000505615663222867,719.663800612273,0.363873289844064,0.00287188928421966,6134.32514436848,17.617102648031,3.34252171839809,0.00196622783951833,0.000218500267778123,2159.40044172423,0.471829574756942,0.00290773155232381,6964.07284863301,20.2496543546518,3.32756331161595,0.00166166586985604,0.000141911573877497,3278.090069819,0.465198921120207,0.00344548964929895,7980.22347994001,27.4957773992258
0.2,3.36901829383112,0.00281803226744566,0.000494549317942665,736.282615765302,0.364128065439771,0.00283400987321273,6204.65522192628,17.58405415882,3.35030263572427,0.0019586647593263,0.000214472596961121,2224.05568887677,0.476998999379557,0.00287359154631617,7065.05224899628,20.3020744169977,3.33476667743464,0.00165735104961709,0.000141917610138957,3328.57444262703,0.472383330067238,0.00342233626485248,8113.06727001937,27.765644337375
0.205,3.37665951855277,0.00281194878413214,0.000485275175796123,749.915137323593,0.363915200096881,0.00279567590128342,6265.76476938383,17.517047568877,3.3585295370139,0.00195110167913428,0.00021044492614412,2291.18578830438,0.482168424002172,0.00283945154030852,7168.4598910718,20.3544944793436,3.34197004325333,0.00165303622937815,0.000141923646400417,3379.05452105732,0.479567739014268,0.00339918288040601,8247.72077934672,28.0355112755243
0.21,3.38430074327442,0.00280586530081863,0.000476001033649582,764.078875975167,0.363702334753991,0.00275734192935411,6328.57346895009,17.4500409789341,3.36675643830354,0.00194353859894226,0.000206417255327118,2360.93561002195,0.487337848624786,0.00280531153430087,7274.3844283146,20.4069145416896,3.34972374751454,0.00164872140913921,0.000141929682661877,3429.53030565779,0.486752147961298,0.00337602949595954,8384.22124200918,28.3053782136735
0.215,3.39194196799607,0.00279978181750511,0.000466726891503041,778.805498522966,0.3634894694111,0.0027190079574248,6393.15318718477,17.3830343889911,3.37498333959318,0.00193597551875023,0.000202389584510116,2433.46155603567,0.492507273247401,0.00277117152829322,7382.91888291611,20.4593346040355,3.35760206872575,0.00164440658890027,0.000141935718923337,3480.00179697626,0.493936556908329,0.00335287611151307,8522.60692057825,28.5752451518228
0.22,3.39958319271772,0.00279369833419159,0.0004574527493565,794.129239750405,0.36327660406821,0.00268067398549549,6459.57990145061,17.3160277990482,3.38321024088281,0.00192841243855821,0.000198361913693114,2508.93273110871,0.497676697870016,0.00273703152228557,7494.16091826849,20.5117546663814,3.36548038993695,0.00164009176866132,0.000141941755184797,3530.46899556047,0.501120965855359,0.0033297227270666,8662.9171418678,28.8451120899721
0.225,3.40722441743937,0.00278761485087808,0.000448178607209959,810.087168116961,0.36306373872532,0.00264234001356618,6527.93399810247,17.2490212091052,3.39143714217245,0.0019225322720646,0.000195226451879551,2581.07919156094,0.503894932588583,0.00270093572656776,7590.06883108119,20.5002880729756,3.37335871114815,0.00163577694842238,0.000141947791446257,3580.93190195806,0.50830537480239,0.00330656934262013,8805.1923341945,29.1149790281213
0.23,3.41415380557395,0.00278153136756456,0.000438904465063418,826.719485138983,0.362850873382429,0.00260400604163687,6598.30059701463,17.1820146191622,3.39966404346208,0.00191782709900017,0.000192713921424555,2650.79674679597,0.510845435974506,0.00266347441813205,7675.769783811,20.4442164586516,3.38123703235935,0.00163146212818344,0.000141953827707717,3631.39051671657,0.51548978374942,0.00328341595817366,8949.47406621468,29.3848459662706
0.235,3.42099107064218,0.00277544788425104,0.000429630322916877,844.069863545691,0.362638008039539,0.00256567206970756,6670.76990520074,17.1150080292193,3.40789094475172,0.00191312192593574,0.00019020139096956,2722.35621790641,0.51779593936043,0.00262601310969634,7763.91586509832,20.3881448443276,3.38911535357055,0.001627365650839,0.000141807037553197,3675.26276290993,0.521178124637837,0.00325000870973568,9079.68238883367,29.5090468453431
0.24,3.42782833571042,0.00276936440093752,0.000420356180770336,862.185830198753,0.362425142696649,0.00252733809777825,6745.43760261558,17.0480014392763,3.41611784604136,0.00190841675287131,0.000187688860514564,2795.83157629984,0.524746442746353,0.00258855180126064,7854.61323204033,20.3320732300036,3.39699367478175,0.00162390914710591,0.000141212305762816,3699.9708678291,0.522481417501395,0.00318654688872376,9165.49935141275,29.2062934418439
0.245,3.43466560077865,0.00276328091762401,0.000411082038623795,881.11920084458,0.362212277353759,0.00248900412584894,6822.40526360781,16.9809948493334,3.42434474733099,0.00190371157980688,0.000185176330059568,2871.30080805273,0.531696946132276,0.00255109049282493,7947.97427715988,20.2760016156796,3.40487199599295,0.00162045264337283,0.000140617573972435,3724.88797500966,0.523784710364953,0.00312308506771184,9254.80395560319,28.9035400383448
0.25,3.44150286584688,0.00275756133311387,0.000403454280063648,898.426458845674,0.362474000143714,0.00245498871990636,6892.07248753024,16.9199602136637,3.43227493969235,0.00189900640674245,0.000182663799604572,2948.84619001825,0.5386474495182,0.00251362918438922,8044.11809304674,20.2199300013556,3.41275031720415,0.00161699613963974,0.000140022842182053,3750.01674759471,0.52508800322851,0.00305962324669992,9347.81322036763,28.6007866348457
0.255,3.44834013091511,0.00275244090849522,0.000398537294393671,912.128270240864,0.363517132961773,0.00242808383893377,6947.35418053372,16.8687584091029,3.43926379326942,0.00189430123367803,0.000180151269149577,3028.55458903885,0.545597952904123,0.00247616787595351,8143.17097917566,20.1638583870316,3.42062863841535,0.00161353963590665,0.000139428110391672,3775.35989416601,0.526391296092068,0.002996161425688,9444.76255141977,28.2980332313465
0.26,3.45517739598335,0.00274732048387657,0.000393620308723695,926.172399391463,0.364560265779833,0.00240117895796118,7003.87472111687,16.8175566045421,3.4462526468465,0.0018895960606136,0.000177638738694581,3110.51778655138,0.552548456290047,0.0024387065675178,8245.26699543605,20.1077867727076,3.42772733637018,0.00161008313217357,0.00013883337860129,3800.92016971718,0.527694588955626,0.00293269960467609,9545.90773061445,27.9952798278474
0.265,3.46201466105158,0.00274220005925792,0.000388703323053718,940.571836962058,0.365603398597892,0.00237427407698859,7061.67622452705,16.7663547999813,3.45324150042358,0.00188489088754917,0.000175126208239585,3194.83283113477,0.55949895967597,0.00240124525908209,8350.54856747482,20.0517151583836,3.43472908303768,0.00160662662844048,0.000138238646810909,3826.70037665212,0.528997881819184,0.00286923778366417,9651.52716934581,27.6925264243483
0.27,3.46885192611981,0.00273707963463927,0.000383786337383742,955.340239351324,0.366646531415951,0.002347369196016,7120.80273686376,16.7151529954205,3.46023035400066,0.00188018571448474,0.000172613677784589,3281.60242184739,0.566449463061893,0.00236378395064638,8459.16714960003,19.9956435440596,3.44173082970517,0.00160317012470739,0.000137643915020528,3852.7033658092,0.530301174682742,0.00280577596265225,9761.92446775332,27.3897730208491
0.275,3.47568919118804,0.00273195921002062,0.000378869351713765,970.491971891671,0.367689664234011,0.00232046431504341,7181.30034701605,16.6639511908596,3.46721920757773,0.00187654096204368,0.000171549131811333,3335.11679593179,0.572136390831492,0.00233352071086664,8550.43287272593,19.9526121953809,3.44873257637267,0.00159971362097431,0.000137049183230146,3878.93203751225,0.5316044675463,0.00274231414164033,9877.43132927424,27.08701961735
0.28,3.48199533567974,0.00272683878540197,0.000373952366043788,986.042155457022,0.36873279705207,0.00229355943407082,7243.21730647849,16.6127493862988,3.47420806115481,0.00187368850309305,0.000171566447746315,3362.4245614049,0.576879237815199,0.00230863550958801,8628.18049933747,19.9193238839053,3.45573432304017,0.00159625711724122,0.000136454451439765,3905.38934264889,0.532907760409858,0.00267885232062841,9998.41088946916,26.7842662138508
0.285,3.48788357326098,0.00272171836078332,0.000369035380373812,1002.00671679655,0.36977592987013,0.00226665455309824,7306.60415770035,16.561547581738,3.48119691473189,0.00187083604414243,0.000171583763681296,3389.72681517363,0.581622084798906,0.00228375030830937,8707.62250149447,19.8860355724296,3.46273606970766,0.00159332118276018,0.000136068808646298,3923.88575013464,0.533918459285005,0.00262593680894981,10111.7095296357,26.5527102552789
0.29,3.49377181084222,0.00271659793616467,0.000364118394703835,1018.40244294662,0.370819062688189,0.00223974967212565,7371.51387168547,16.5103457771772,3.48818576830896,0.0018679835851918,0.000171601079616278,3417.0235589065,0.586364931782612,0.00225886510703074,8788.81487839275,19.852747260954,3.46973781637516,0.0015914528266292,0.000136111963530499,3925.65866658593,0.534329109259531,0.0025946495656968,10200.6705155816,26.4671653230699
0.295,3.49966004842346,0.00271147751154602,0.000359201409033858,1035.24704011168,0.371862195506248,0.00221284479115306,7438.00199563021,16.4591439726164,3.49517462188604,0.00186513112624117,0.00017161839555126,3444.31479427136,0.591107778766319,0.0022339799057521,8871.81612441846,19.8194589494783,3.47673956304265,0.00158958447049822,0.000136155118414701,3927.43045917195,0.534739759234058,0.00256336232244378,10291.8031367919,26.3816203908609
0.3,3.5055482860047,0.00270652861613093,0.000354450333397347,1052.16196258563,0.372939158426482,0.0021862157599844,7504.29115026745,16.4059995802261,3.50190213894784,0.00186227866729055,0.000171635711486242,3471.6005229354,0.595850625750026,0.00220909470447347,8956.68736968824,19.7861706380027,3.48374130971015,0.00158771611436724,0.000136198273298902,3929.201128961,0.535150409208585,0.00253207507919076,10385.1878938187,26.296075458652
0.305,3.51143652358594,0.00270473345076906,0.000352749673945532,1062.05093332782,0.374638120444937,0.0021646584938493,7537.97371779297,16.3171388346334,3.50772279853485,0.00185942620833992,0.000171653027421223,3498.88074656512,0.600593472733732,0.00218420950319483,9043.49253019667,19.752882326527,3.49074305637765,0.00158584775823626,0.000136241428183104,3930.97067702004,0.535561059183112,0.00250078783593774,10480.9093157695,26.210530526443
0.31,3.51732476116718,0.00270293828540719,0.000351049014493716,1072.03571844845,0.376337082463392,0.00214310122771421,7572.33390526745,16.2282780890406,3.51354345812186,0.00185657374938929,0.000171670343356205,3526.15546682635,0.605336319717439,0.00215932430191619,9132.29846834591,19.7195940150514,3.4968811977558,0.00158397940210528,0.000136284583067305,3932.73910441467,0.535971709157639,0.00246950059268472,10579.0562155048,26.124985594234
0.315,3.52321299874842,0.00270114312004532,0.000349348355041901,1082.11771724674,0.378036044481847,0.00212154396157911,7607.39236882694,16.1394173434478,3.51936411770887,0.00185372129043867,0.000171687659291187,3553.42468538426,0.610079166701145,0.00213443910063756,9223.17516470505,19.6863057035757,3.50298644004559,0.0015821110459743,0.000136327737951506,3934.50641220912,0.536382359132166,0.00243821334943171,10679.7219644845,26.0394406620251
0.32,3.52910123632966,0.00269934795468345,0.000347647695590086,1092.29835640289,0.379735006500302,0.00209998669544402,7643.17061278397,16.0505565978551,3.52518477729588,0.00185086883148804,0.000171704975226169,3580.68840390334,0.614822013684852,0.00210955389935892,9316.19590192621,19.6530173921001,3.50909168233539,0.00158024268984332,0.000136370892835708,3936.27260146629,0.536793009106693,0.00240692610617869,10783.0047890508,25.9538957298161
0.325,3.53498947391091,0.00269755278932158,0.000345947036138271,1102.57909065104,0.381433968518757,0.00207842942930893,7679.69103361355,15.9616958522623,3.53100543688289,0.00185189794015288,0.000171802554670119,3603.6716848373,0.619120001647421,0.0020792703566168,9391.20564237921,19.5268555050915,3.51519692462518,0.00157837433371234,0.000136414047719909,3938.03767324775,0.53720365908122,0.00237563886292567,10889.0080901225,25.8683507976071
0.33,3.54073722092768,0.00269575762395972,0.000344246376686455,1112.9614034723,0.383132930537213,0.00205687216317384,7716.97696670518,15.8728351066695,3.5368260964699,0.00185603043844899,0.000171964306367701,3623.20721803242,0.623062316075393,0.00204467073372781,9452.10348516561,19.3264393682848,3.52130216691498,0.00157650597758137,0.000136457202604111,3939.80162861371,0.537614309055746,0.00234435161967265,10997.8407884899,25.7828058653982
0.335,3.54602501217001,0.00269396245859785,0.00034254571723464,1123.44680780832,0.384831892555668,0.00203531489703874,7755.05273608594,15.7839743610768,3.54264675605691,0.00186016293674509,0.000172126058065282,3642.70603504764,0.627004630503365,0.00201007111083883,9515.09781337862,19.1260232314781,3.52740740920477,0.0015757322495797,0.000136651505866509,3935.89564751763,0.537846067166722,0.00231320143854185,11094.2258132772,25.6631791107811
0.34,3.55131280341235,0.00269216729323598,0.000340845057782825,1134.03684679626,0.386530854574123,0.00201375763090365,7793.94370733733,15.695113615484,3.54846741564391,0.0018642954350412,0.000172287809762864,3662.16823929545,0.630946944931336,0.00197547148794984,9580.29878442461,18.9256070946714,3.53351265149457,0.00157659252903104,0.000137071436051758,3923.58028576229,0.537810784233804,0.0022822558570584,11169.9468734157,25.4926766748841
0.345,3.55660059465469,0.00269037212787411,0.00033914439833101,1144.73309452589,0.388229816592578,0.00199220036476855,7833.67634394762,15.6062528698912,3.55428807523092,0.0018684279333373,0.000172449561460445,3681.59393380036,0.634889259359308,0.00194087186506086,9647.82441074619,18.7251909578646,3.53961789378436,0.00157745280848237,0.000137491366237008,3911.34015188903,0.537775501300887,0.00225131027557495,11247.749594409,25.3221742389871
0.35,3.56188838589703,0.00268857696251224,0.000337443738879194,1155.53715681958,0.389928778611033,0.00197064309863346,7874.27826736307,15.5173921242985,3.55985788168133,0.00187256043163341,0.000172611313158027,3700.98322120071,0.63883157378728,0.00190627224217187,9717.80127268291,18.5247748210579,3.54572313607416,0.00157831308793371,0.000137911296422257,3899.17455870704,0.537740218367969,0.0022203646940915,11327.7210135884,25.1516718030901
0.355,3.56717617713937,0.00269731614642323,0.000336742281648214,1159.41154925848,0.390422890466591,0.00194088005130264,7892.74264146168,15.3188667428787,3.56447055859685,0.00187669292992951,0.000172773064855608,3720.33620375049,0.642773888215251,0.00187167261928289,9790.36531039921,18.3243586842512,3.55179483435383,0.00157917336738505,0.000138331226607506,3887.0828273699,0.537704935435052,0.00218941911260805,11409.95308908,24.9811693671931
0.36,3.57246396838171,0.00271004229938555,0.000336418995695525,1160.63897640065,0.39046099880579,0.00190801133557011,7902.90704929872,15.0788362340189,3.56908323551236,0.00188082542822562,0.00017293481655319,3739.6529833211,0.646716202643223,0.0018370729963939,9865.66270530405,18.1239425474445,3.5570033441088,0.00158003364683639,0.000138751156792756,3875.06428724929,0.537669652502134,0.0021584735311246,11494.5430525476,24.8106669312961
0.365,3.57775175962405,0.00272276845234788,0.000336095709742837,1161.86876483422,0.39049910714499,0.00187514261983758,7913.42779379865,14.8388057251591,3.57369591242788,0.00188495792652173,0.000173096568250771,3758.93366140316,0.650658517071194,0.00180247337350492,9943.8508629869,17.9235264106378,3.56221185386378,0.00158089392628773,0.000139171086978005,3863.11827581102,0.537634369569217,0.00212752794964115,11581.5937927185,24.6401644953991
0.37,3.58303955086638,0.0027354946053102,0.000335772423790148,1163.10092137962,0.39053721548419,0.00184227390410505,7924.3239475789,14.5987752162993,3.57830858934339,0.00188909042481783,0.000173258319948353,3778.17833910832,0.654600831499166,0.00176787375061593,10025.0995115778,17.7231102738311,3.56742036361875,0.00158175420573906,0.000139591017163254,3851.24413849329,0.537599086636299,0.0020965823681577,11671.2142728759,24.4696620595021
0.375,3.58832734210872,0.00274822075827252,0.000335449137837459,1164.33545288359,0.390575323823389,0.00180940518837252,7935.61596911005,14.3587447074395,3.58292126625891,0.00189268733792419,0.000173998938176734,3779.24353910468,0.657584362915497,0.00171729736443069,10084.4440307565,17.3179891557669,3.57262887337373,0.0015826144851904,0.000140010947348504,3839.44122858709,0.537563803703382,0.00206563678667425,11763.5199858769,24.2991596236051
0.38,3.59361513335106,0.00276094691123484,0.00033512585188477,1165.5723662193,0.390613432162589,0.00177653647263999,7947.32583091802,14.1187141985798,3.58753394317442,0.00189582623633431,0.000175234583869165,3764.9416018392,0.659747974890001,0.00165305818000535,10125.3611805384,16.7378111249976,3.5778373831287,0.00158347476464174,0.000140430877533753,3827.70890711886,0.537528520770464,0.0020346912051908,11858.6334506938,24.1286571877081
0.385,3.59863896045395,0.00277367306419716,0.000334802565932082,1166.81166828643,0.390651540501789,0.00174366775690746,7959.47716228635,13.87868368972,3.59214662008994,0.00189896513474443,0.000176470229561596,3750.83994908879,0.661911586864504,0.00158881899558001,10169.5870575426,16.1576330942283,3.58304589288368,0.00158508851636737,0.000141073112261728,3798.8127540588,0.53591033811462,0.00197226363017005,11961.3436644309,23.5909230773221
0.39,3.60363613974981,0.00278639921715949,0.000334479279979393,1168.05336601137,0.390689648840988,0.00171079904117493,7972.09540840843,13.6386531808602,3.59675929700545,0.00190210403315455,0.000177705875254027,3736.93440292688,0.664075198839008,0.00152457981115467,10217.5399080361,15.577455063459,3.58825440263866,0.00158753640567355,0.000141961451033258,3751.29860698838,0.532539793507108,0.00187498365936049,12078.3144193994,22.646642168992
0.395,3.60863331904567,0.00279912537012181,0.000334155994026704,1169.2974663473,0.390727757180188,0.0016779303254424,7985.20800824538,13.3986226720004,3.60137197392097,0.00190524293156467,0.000178941520946458,3723.22090082636,0.666238810813512,0.00146034062672934,10269.7115715245,14.9972770326897,3.59346291239363,0.00158998429497972,0.000142849789804787,3704.37541156159,0.529169248899595,0.00177770368855092,12208.0869834682,21.702361260662
0.4,3.61363049834153,0.00281185152308413,0.000333832708074015,1170.54397627434,0.390765865519388,0.00164506160970986,7998.84459370573,13.1585921631406,3.60622973459868,0.00190838182997479,0.000180177166638889,3709.69549170249,0.668402422788015,0.001396101442304,10326.684412078,14.4170990019204,3.59867142214861,0.00159243218428589,0.000143738128576317,3658.03221107691,0.525798704292083,0.00168042371774136,12352.8846523499,20.7580803523319
0.405,3.61862767763739,0.00282082127471393,0.000335008042247286,1167.00649489621,0.390956561145046,0.00161146217890812,8021.69702400256,12.92666136484,3.61212030801942,0.00191152072838491,0.00018141281233132,3696.35433211763,0.670566034762519,0.00133186225787866,10389.1531495081,13.8369209711511,3.60390910692884,0.00159488007359206,0.000144626467347847,3612.25831803011,0.522428159684571,0.00158314374693179,12515.4771841799,19.8137994440019
0.41,3.62362485693325,0.00282413922938491,0.000338438166556256,1156.42050703811,0.391376836170033,0.00157676333064793,8058.86144222581,12.7069172088742,3.61801088144016,0.00191465962679503,0.000182648458023751,3683.19368264002,0.672729646737023,0.00126762307345332,10457.9533285609,13.2567429403818,3.60937964469558,0.00159732796289823,0.000145514806119377,3567.04330589724,0.519057615077058,0.00148586377612223,12699.3596848542,18.8695185356718
0.415,3.62862203622911,0.0028274571840559,0.000341868290865227,1146.04694750551,0.39179711119502,0.00154206448238774,8097.69837482616,12.4871730529084,3.6239014548609,0.00191779852520515,0.000183884103716182,3670.2099043493,0.674893258711526,0.00120338388902798,10534.0989065856,12.6765649096125,3.61485018246232,0.00159977585220441,0.000146403144890907,3522.37700121683,0.515687070469546,0.00138858380531266,12909.0066863523,17.9252376273418
0.42,3.63361921552497,0.00283077513872688,0.000345298415174198,1135.87948563893,0.392217386220007,0.00150736563412755,8138.32332328766,12.2674288969426,3.62979202828164,0.00192093742361527,0.000185119749408613,3657.39945548202,0.67705687068603,0.00113914470460264,10618.8325591722,12.0963868788432,3.62032072022906,0.00160222374151058,0.000147291483662437,3478.24947595859,0.512316525862033,0.0012913038345031,13150.241070527,16.9809567190117
0.425,3.63861639482083,0.00283409309339787,0.000348728539483168,1125.91203985456,0.392637661244994,0.00147266678586736,8180.86267483854,12.0476847409768,3.63568260170238,0.0019257913153077,0.000186363311104628,3633.67009143526,0.677182789701733,0.00111405024883595,10655.0835553334,11.870298486187,3.62579125799579,0.00160467163081675,0.000148179822433967,3434.65104016657,0.508945981254521,0.00119402386369354,13430.7833354977,16.0366758106817
0.43,3.64361357411669,0.00283741104806885,0.000352158663792139,1116.1387655139,0.393057936269981,0.00143796793760717,8225.45501584204,11.827940585011,3.64157317512312,0.00193221191125517,0.000187614104337131,3600.19418476691,0.67544720741479,0.00112471582407639,10640.6282142399,11.9676829306693,3.63126179576253,0.00160711952012292,0.000149068161205496,3391.57223486545,0.505575436647009,0.00109674389288397,13761.0931779753,15.0923949023516
0.435,3.65000981847919,0.00284072900273983,0.000355588788101109,1106.55404349556,0.393478211294968,0.00140326908934698,8272.25264004573,11.6081964290451,3.64746374854386,0.00193863250720264,0.000188864897569634,3567.16167904866,0.673711625127849,0.00113538139931682,10626.4444550627,12.0650673751516,3.63673233352927,0.00160980319417114,0.000149866708874164,3361.92097134001,0.50384003146976,0.00105872911742159,13874.914838077,14.689776340817
0.44,3.6574089116419,0.00284404695741082,0.00035901891241008,1097.1524694221,0.393898486319955,0.00136857024108679,8321.4232862726,11.3884522730793,3.65335432196459,0.00194505310315011,0.000190115690802137,3534.56382272133,0.671976042840907,0.00114604697455726,10612.5246954494,12.1624518196339,3.64220287129601,0.00161268134991087,0.000150591194390138,3343.17910133015,0.503453333929454,0.00106959789286032,13775.2100739722,14.7339356688289
0.445,3.6648080048046,0.0028473649120818,0.000362449036719051,1087.92884349861,0.394318761344942,0.0013338713928266,8373.15214733406,11.1687081171135,3.65924489538533,0.00195147369909757,0.000191366484034639,3502.39209303048,0.670240460553965,0.00115671254979769,10598.8616327025,12.2598362641162,3.64767340906275,0.0016155595056506,0.000151315679906111,3324.61670000949,0.503066636389148,0.00108046666829904,13677.5112369785,14.7780949968409
0.45,3.6722070979673,0.00285068286675279,0.000365879161028021,1078.87816092291,0.394739036369929,0.00129917254456641,8427.64420087238,10.9489639611477,3.66538467611428,0.00195789429504504,0.000192617277267142,3470.63818859753,0.668504878267023,0.00116737812503812,10585.4482310048,12.3572207085985,3.65314394682949,0.00161843766139033,0.000152040165422085,3306.2312018231,0.502679938848842,0.00109133544373777,13581.7583950974,14.8222543248528
0.455,3.67960619113001,0.00285400087709505,0.000369117087764619,1070.54417405739,0.395156147851442,0.00126771514238986,8479.9648034283,10.7501797882391,3.67269293970333,0.00196431489099251,0.000193868070499645,3439.29402227843,0.666769295980081,0.00117804370027856,10572.2777093378,12.4546051530808,3.65894891474235,0.00162131581713006,0.000152764650938058,3288.02008988455,0.502293241308536,0.00110220421917649,13487.8939802754,14.8664136528647
0.46,3.68700528429271,0.00285731959465317,0.000369913447173294,1069.25842928966,0.395533071497641,0.00127743520543996,8468.26447961843,10.8176591752413,3.68000120329239,0.00197073548693998,0.000195118863732148,3408.35171429695,0.665033713693139,0.00118870927551899,10559.343530051,12.5519895975631,3.66622284385825,0.00162419397286979,0.000153489136454032,3269.98089482733,0.50190654376823,0.00111307299461521,13395.8626729878,14.9105729808767
0.465,3.69440437745542,0.0028606383122113,0.000370709806581969,1067.97820859994,0.39590999514384,0.00128715526849007,8456.7408677996,10.8851385622435,3.68730946688145,0.00197715608288745,0.00019636965696465,3377.80358564053,0.663298131406197,0.00119937485075943,10546.6393880412,12.6493740420454,3.67349677297414,0.00162707212860952,0.000154213621970006,3252.11119368864,0.501519846227924,0.00112394177005394,13305.6112935201,14.9547323088886
0.47,3.70180347061812,0.00286395702976942,0.000371506165990644,1066.70347646402,0.396286918790039,0.00129687533154017,8445.38999460987,10.9526179492457,3.69461773047051,0.00198357667883492,0.000197620450197153,3347.64215170675,0.661562549119255,0.00121004042599986,10534.1592005036,12.7467584865277,3.68077070209004,0.00162995028434926,0.000154938107485979,3234.40860882445,0.501133148687618,0.00113481054549266,13217.0886994965,14.9988916369006
0.475,3.70920256378083,0.00286727574732755,0.000372302525399318,1065.43419766167,0.396663842436238,0.00130659539459027,8434.20800492231,11.0200973362479,3.70192599405956,0.00198847697963549,0.000198521234984452,3318.43186054674,0.65877919116749,0.00121022462845728,10531.1238285124,12.7450254225991,3.68804463120594,0.00163282844008899,0.000155662593001953,3216.87080685487,0.500746451147313,0.00114567932093139,13130.2456892415,15.0430509649125
0.48,3.71660165694353,0.00287059446488567,0.000373098884807993,1064.17033727336,0.397040766082437,0.00131631545764037,8423.19115747958,11.0875767232501,3.70923425764862,0.00199189433147819,0.000199080609315943,3289.99292551026,0.654973796255723,0.00120018493401058,10537.217492506,12.6466096808984,3.69531856032184,0.00163570659582872,0.000156387078517926,3199.4954976389,0.500359753607007,0.00115654809637011,13045.0349105899,15.0872102929244
0.485,3.72390122542084,0.0028739131824438,0.000373895244216668,1062.91186067704,0.397417689728636,0.00132603552069048,8412.33582072052,11.1550561102523,3.71654252123768,0.00199531168332088,0.000199639983647433,3261.71335745011,0.651168401343955,0.00119014523956387,10543.4139650015,12.5481939391978,3.70259248943774,0.00163858342241681,0.000157075098828755,3171.51433329908,0.498165927339767,0.00114743479552377,13052.5603167385,14.9769618780985
0.49,3.73091289657746,0.00287723190000192,0.000374691603625343,1061.65873354502,0.397794613374835,0.00133575558374058,8401.63846878894,11.2225354972545,3.72385078482673,0.00199872903516357,0.000200199357978924,3233.59182051092,0.647363006432188,0.00118010554511716,10549.7158699149,12.4497781974971,3.70986641855363,0.00164145943958109,0.000157740912640378,3137.24316394518,0.494871599855498,0.00112615285447888,13117.8307829701,14.7726825808128
0.495,3.73792456773408,0.00288055061756004,0.000375487963034018,1060.41092184082,0.398171537021034,0.00134547564679068,8391.09567771543,11.2900148842567,3.73115904841579,0.00200214638700627,0.000200758732310415,3205.62699372571,0.64355761152042,0.00117006585067045,10556.1259212198,12.3513624557965,3.71714034766953,0.00164433545674538,0.000158406726452,3103.26009116908,0.491577272371229,0.001104870913434,13185.6157188966,14.5684032835271
0.5,3.74493623889069,0.00288386933511817,0.000376284322442693,1059.16839181609,0.398548460667233,0.00135519570984078,8380.70412176349,11.3574942712589,3.73838120710474,0.00200556373884896,0.000201318106641906,3177.81757080902,0.639752216608652,0.00116002615622374,10562.6469268444,12.2529467140958,3.72441427678543,0.00164721147390967,0.000159072540263622,3069.56149740084,0.48828294488696,0.00108358897238912,13256.0632788381,14.3641239862414
0.505,3.75194791004731,0.00288718805267629,0.000377080681851368,1057.93111000758,0.398925384313432,0.00136491577289089,8370.46056993172,11.4249736582611,3.74515038833734,0.00200898109069165,0.000201877480973397,3150.16225995355,0.635946821696885,0.00114998646177703,10569.2817927728,12.1545309723951,3.73147370653442,0.00165008749107396,0.000159738354075245,3036.14382538484,0.484988617402691,0.00106230703134424,13329.3334894318,14.1598446889557
0.51,3.75895958120393,0.00288740971436267,0.000378280113730824,1054.48735306431,0.398891595844882,0.00136725972648949,8353.45025586829,11.421336112082,3.75191956956994,0.00201239844253435,0.000202436855304887,3122.6597836301,0.632141426785117,0.00113994676733032,10576.0335273629,12.0561152306945,3.73792132047503,0.00165296350823824,0.000160404167886867,3003.00357692801,0.481694289918422,0.00104102509029936,13405.5994631762,13.95556539167
0.515,3.76597125236055,0.0028865813678461,0.000379616201007608,1050.32019397292,0.398718561877576,0.00136710292590391,8334.11096530522,11.3935874854766,3.75868875080254,0.00201581579437704,0.000202996229636378,3095.30887839085,0.62833603187335,0.00112990707288361,10582.905245895,11.9576994889938,3.74436893441564,0.00165583952540253,0.000161069981698489,2970.1373116791,0.478399962434154,0.00101974314925448,13485.0487639341,13.7512860943843
0.52,3.77298292351716,0.00288575302132953,0.000380952288284393,1046.18226525192,0.398545527910269,0.00136694612531834,8314.76723797317,11.3658388588713,3.76545793203513,0.00201923314621973,0.000203555603967869,3068.1082946759,0.624530636961582,0.0011198673784369,10589.9001753638,11.8592837472932,3.75081654835625,0.00165871554256682,0.000161735795510112,2937.54164593812,0.475105634949885,0.000998461208209598,13567.8849470683,13.5470067970986
0.525,3.77999459467378,0.00288492467481296,0.000382288375561178,1042.0732604233,0.398372493942963,0.00136678932473276,8295.41907234515,11.3380902322659,3.77222711326773,0.00202090478572121,0.000204504409234199,3049.596133005,0.623655855583084,0.00111646421596269,10621.5509795448,11.8585815866853,3.75726416229686,0.00166159155973111,0.000162401609321734,2905.213251495,0.471811307465616,0.000977179267164717,13654.3293008322,13.342727499813
0.53,3.7870062658304,0.00288409632829639,0.000383624462837962,1037.99287727866,0.398199459975657,0.00136663252414719,8276.06646689348,11.3103416056605,3.77899629450033,0.00202075703918068,0.000205859080455903,3040.11543251997,0.625835367418361,0.00111997766474974,10678.5315068597,11.9597167800093,3.76371177623747,0.00166446757689539,0.000163067423133356,2873.14885449679,0.468516979981347,0.000955897326119835,13744.6228203804,13.1384482025273
0.535,3.79401793698701,0.00288326798177982,0.000384960550114747,1033.94081780512,0.39802642600835,0.00136647572356161,8256.70942008978,11.2825929790552,3.78576547573293,0.00202060929264014,0.000207213751677607,3030.75869322965,0.628014879253639,0.00112349111353678,10735.1556483303,12.0608519733333,3.77015939017807,0.00166554387797926,0.000163307945772824,2860.40394183647,0.467126691821802,0.000947540091338717,13849.6837157713,13.1231305730543
0.54,3.79913561267398,0.00288243963526325,0.000386296637391531,1029.91678811276,0.397853392041044,0.00136631892297604,8237.34793040496,11.2548443524498,3.79253465696553,0.00202046154609961,0.000208568422899312,3021.52349971572,0.630194391088917,0.00112700456232383,10791.4267370665,12.1619871666573,3.77660700411868,0.0016658302203783,0.000163361793159077,2856.06655305132,0.466572153488128,0.000944855964706739,13960.5986078292,13.190754865484
0.545,3.80411345988385,0.00288161128874668,0.000387632724668316,1025.92049836355,0.397680358073738,0.00136616212239046,8217.98199630922,11.2270957258444,3.79930383819813,0.00202031379955907,0.000209923094121016,3012.40749890836,0.632373902924194,0.00113051801111088,10847.3480647435,12.2631223599813,3.78305461805929,0.00166611656277734,0.00016341564054533,2851.73202270797,0.466017615154454,0.000942171838074761,14072.1454644685,13.2583791579137
0.55,3.80909130709373,0.00288078294223011,0.0003889688119451,1021.95166270178,0.397507324106431,0.00136600532180489,8198.61161627209,11.199347099239,3.80578886814798,0.00202016605301854,0.00021127776534272,3003.40839808743,0.634553414759472,0.00113403145989792,10902.9228822437,12.3642575533053,3.7895022319999,0.00166640290517638,0.000163469487931584,2847.40034798169,0.465463076820781,0.000939487711442784,14184.3297022783,13.3260034503434
0.555,3.8140691543036,0.00287995459571354,0.000390304899221885,1018.0099991859,0.397334290139125,0.00136584852121931,8179.23678876237,11.1715984726337,3.81058124247456,0.002020018306478,0.000212632436564424,2994.52396296004,0.636732926594749,0.00113754490868497,10958.1544002861,12.4653927466293,3.79592975298944,0.00166668924757542,0.000163523335317837,2843.07152605146,0.464908538487107,0.000936803584810806,14297.1567999262,13.393627742773
0.56,3.81904700151348,0.00287953098786063,0.000390942181335389,1017.69116180311,0.397858402721053,0.00136288555575882,8178.52390403476,11.1463920962372,3.81537361680113,0.00201987055993746,0.000213987107786129,2985.75201581113,0.638912438430027,0.00114105835747201,11013.0457900454,12.5665279399533,3.80231710605786,0.00166697558997446,0.00016357718270409,2838.74555409996,0.464354000153433,0.000934119458178828,14410.6322990498,13.4612520352027
0.565,3.82402484872335,0.00287966510241376,0.000390616522835613,1022.34070253292,0.399343170376726,0.00135605574690965,8203.71059157756,11.1246888936923,3.8201659911277,0.00201972281339693,0.000215341779007833,2977.09043372389,0.641091950265304,0.00114457180625906,11067.6001837582,12.6676631332772,3.80870445912627,0.0016672619323735,0.000163631030090343,2834.42242931361,0.463799461819759,0.00093143533154685,14524.7618051645,13.5288763276324
0.57,3.82900269593323,0.00287979921696688,0.000390290864335837,1026.99800241159,0.400827938032399,0.00134922593806047,8229.15227015871,11.1029856911474,3.82495836545427,0.00201957506685639,0.000216696450229537,2968.53714686693,0.643271462100582,0.00114808525504611,11121.8206753195,12.7687983266012,3.81509181219469,0.00166754827477254,0.000163684877476597,2830.10214888251,0.463244923486086,0.000928751204914872,14639.5509885862,13.5965006200621
0.575,3.83398054314311,0.00287993333152001,0.000389965205836061,1031.66308087804,0.402312705688072,0.0013423961292113,8254.85283178896,11.0812824886024,3.82975073978084,0.00201963553633049,0.000217319085339519,2965.5590905862,0.644472589086489,0.00114402179103448,11162.6691488224,12.7703367523612,3.82147916526311,0.00166783461717158,0.00016373872486285,2825.78471000045,0.462690385152412,0.000926067078282895,14755.0055853704,13.6641249124918
0.58,3.83895839035298,0.00288006744607313,0.000389639547336286,1036.33595743617,0.403797473343745,0.00133556632036212,8280.81624809078,11.0595792860575,3.83454311410741,0.00201992787033978,0.000217126541976869,2968.70296684131,0.644584209346725,0.00113152085228142,11189.3355718408,12.6609665227122,3.82786651833153,0.00166812095957062,0.000163792572249103,2821.47010986494,0.462135846818738,0.000923382951650917,14871.1313982682,13.7317492049215
0.585,3.84393623756286,0.00288020156062626,0.00038931388883651,1041.01665165512,0.405282240999418,0.00132873651151295,8307.04657234444,11.0378760835126,3.83933548843399,0.00202022020434907,0.000216933998614219,2971.85242389528,0.644695829606962,0.00111901991352836,11216.597793588,12.5515962930632,3.83425387139994,0.00166829983280734,0.000163952836232499,2813.81754173676,0.4613333666085,0.000927172683241182,15012.159286539,13.9188640069444
0.59,3.84771195666559,0.00288033567517938,0.000388988230336734,1045.70518316959,0.406767008655091,0.00132190670266377,8333.54794159749,11.0161728809676,3.84412786276056,0.00202051253835836,0.00021674145525157,2975.00747662129,0.644807449867199,0.0011065189747753,11244.4760072378,12.4422260634143,3.84064122446836,0.00166844629153361,0.000164145197254957,2805.17560458809,0.460456102949904,0.00093291503957058,15158.9572045686,14.1420191603489
0.595,3.85070445492371,0.00288046978973251,0.000388662571836958,1050.40157168008,0.408251776310764,0.0013150768938146,8360.32457883995,10.9944696784227,3.84892023708713,0.00202080487236765,0.00021654891188892,2978.16813994545,0.644919070127436,0.00109401803602225,11272.9913289241,12.3328558337653,3.84702857753678,0.00166859275025989,0.000164337558277414,2796.55389862556,0.459578839291307,0.000938657395899979,15303.9590126279,14.3651743137533
0.6,3.85369695318183,0.00288060390428563,0.000388336913337183,1055.10583695316,0.409736543966436,0.00130824708496542,8387.38079524768,10.9727664758777,3.85348798266229,0.00202109720637694,0.00021635636852627,2981.33442884697,0.645030690387672,0.00108151709726919,11302.1658510813,12.2234856041164,3.8534159306052,0.00166873920898616,0.000164529919299871,2787.95235288898,0.458701575632711,0.000944399752229377,15447.1974740782,14.5883294671577
0.605,3.85668945143995,0.00288073801883876,0.000388011254837407,1059.81799882178,0.411221311622109,0.00130141727611625,8414.72099249635,10.9510632733328,3.85652311734692,0.00202138954038623,0.000216163825163621,2984.50635835844,0.645142310647909,0.00106901615851613,11332.0226995284,12.1141153744674,3.85851805057837,0.00166888566771243,0.000164722280322329,2779.37089674962,0.457824311974114,0.000950142108558776,15588.7045602357,14.8114846205621
0.61,3.85968194969807,0.00288074248456135,0.000387910714777491,1063.07687254437,0.412378909492107,0.00129451079663902,8439.19907927523,10.9246343231079,3.85955825203155,0.00202168187439552,0.000215971281800971,2987.68394356608,0.645253930908146,0.00105651521976307,11362.5860946051,12.0047451448185,3.86175198719903,0.0016690321264387,0.000164914641344786,2770.8094599083,0.456947048315517,0.000955884464888175,15728.5114741617,15.0346397739666
0.615,3.86267444795619,0.00287949937536099,0.000389976427348657,1052.34115194812,0.410388242788698,0.00128686653686335,8433.45482691661,10.8527308069077,3.86259338671617,0.00202197420840481,0.000215778738438321,2990.86719960991,0.645365551168383,0.00104401428101001,11393.8814167002,11.8953749151695,3.86498592381969,0.00166917858516497,0.000165107002367244,2762.26797239341,0.456069784656921,0.000961626821217573,15866.648673601,15.257794927371
0.62,3.86566694621431,0.00287825626616064,0.000392042139919822,1041.71856670513,0.408397576085289,0.00127922227708767,8427.64192259963,10.7808272907074,3.8656285214008,0.0020222665424141,0.000215586195075672,2994.05614168409,0.645477171428619,0.00103151334225695,11425.935276545,11.7860046855206,3.86821986044035,0.00166932504389125,0.000165299363389701,2753.74636455911,0.455192520998324,0.000967369177546972,16003.1458931032,15.4809500807754
0.625,3.86865944447243,0.00287701315696028,0.000394107852490988,1031.20733782175,0.406406909381881,0.001271578017312,8421.75912819327,10.7089237745072,3.86866365608543,0.00202262050538749,0.000215494891799956,2993.77178162799,0.645142526155685,0.00102193759688209,11424.0947972341,11.6747119836387,3.87145379706101,0.00166947150261752,0.000165491724412158,2745.24456708332,0.454315257339727,0.00097311153387637,16138.0321653602,15.7041052341799
0.63,3.87165194273055,0.00287577004775993,0.000396173565062154,1020.80572340819,0.404416242678472,0.00126393375753633,8415.80517561365,10.637020258307,3.87169879077005,0.00202304775764561,0.000215523983433775,2989.35260369858,0.644277181037244,0.00101584049719798,11380.8546773868,11.5611330740145,3.87468773368167,0.00166961796134379,0.000165684085434616,2736.76251096592,0.453437993681131,0.000978853890205769,16271.3358417937,15.9272603875843
0.635,3.87464444098867,0.00287452693855958,0.00039823927763332,1010.51201771614,0.402425575975063,0.00125628949776066,8409.77876591281,10.5651167421068,3.87473392545468,0.00202347500990373,0.000215553075067594,2984.9346186179,0.643411835918803,0.00100974339751386,11337.0923668093,11.4475541643904,3.87792167030233,0.00166976201367857,0.000165896437926194,2727.05713489038,0.452409064699528,0.000967608446270653,16204.9743136118,15.6800700174498
0.64,3.87779946618458,0.00287328382935922,0.000400304990204485,1000.32455020634,0.400434909271654,0.00124864523798498,8403.67856833393,10.4932132259066,3.87776906013931,0.00202390226216185,0.000215582166701412,2980.51782590305,0.642546490800362,0.00100364629782974,11292.7983486559,11.3339752547663,3.88115560692299,0.00166990561367529,0.000166112548286158,2717.14347469944,0.451351626641429,0.000953169744393433,16098.3572937459,15.344467106834
0.645,3.88137308377737,0.00287204072015887,0.000402370702775651,990.241684644732,0.398444242568246,0.00124100097820931,8397.50321933166,10.4213097097064,3.88080419482393,0.00202432951441998,0.000215611258335231,2976.10222507137,0.641681145681921,0.000997549198145619,11247.9628734103,11.2203963451422,3.88438954354365,0.00167004921367201,0.000166328658646121,2707.25557609029,0.45029418858333,0.000938731042516212,15988.4605030082,15.0088641962182
0.65,3.88494670137016,0.00287079761095851,0.000404436415346817,980.261818226397,0.396453575864837,0.00123335671843364,8391.25132155599,10.3494061935062,3.88394314137624,0.0020247567666781,0.00021564034996905,2971.6878156405,0.64081580056348,0.0009914520984615,11202.575951731,11.1068174355181,3.88762348016431,0.00167019281366873,0.000166544769006084,2697.39333877739,0.449236750525231,0.000924292340638992,15875.1302379702,14.6732612856024
0.655,3.88852031896295,0.00286955450175816,0.000406502127917983,970.383380726155,0.394462909161428,0.00122571245865796,8384.92144279815,10.277502677306,3.88790682189116,0.00202518401893622,0.000215669441602869,2967.2745971283,0.639950455445039,0.000985354998777381,11156.6273470315,10.9932385258939,3.89124557190644,0.00167033641366545,0.000166760879366048,2687.55666299503,0.448179312467133,0.000909853638761772,15758.2030385665,14.3376583749865
0.66,3.89209393655574,0.00286831139255781,0.000408567840489149,960.604833674968,0.39247224245802,0.00121806819888229,8378.5121148968,10.2055991611058,3.89187050240608,0.00202561127119434,0.000215698533236688,2962.86256905291,0.639085110326598,0.000979257899093262,11110.1065677834,10.8796596162698,3.89528550283378,0.00167048001366216,0.000166976989726011,2677.745449494,0.447121874409034,0.000895414936884551,15637.5049014579,14.0020554643708
0.665,3.89566755414853,0.00286823132688794,0.00041126471683204,953.305432499063,0.392060888751172,0.00122073668766764,8348.39122558816,10.1911874520781,3.895834182921,0.00202603852345247,0.000215727624870507,2958.45173093272,0.638219765208156,0.000973160799409143,11063.0028595298,10.7660807066457,3.89932543376112,0.00167062361365888,0.000167193100085975,2667.95959953825,0.446064436350935,0.000880976235007331,15512.8504160401,13.6664525537549
0.67,3.89924117174132,0.00286850293313852,0.000414152439493151,946.818219202939,0.392127075239458,0.00122652346394313,8311.4265331941,10.1941596618021,3.89979786343591,0.00202646577571059,0.000215756716504326,2954.0420822864,0.637354420089715,0.000967063699725025,11015.3051965972,10.6525017970216,3.90336536468847,0.0016707672136556,0.000167409210445938,2658.19901490153,0.445006998292837,0.00086653753313011,15384.0418140751,13.3308496431391
0.675,3.90281478933411,0.0028687745393891,0.000417040162154262,940.420845085592,0.392193261727743,0.00123231024021863,8274.8090040354,10.1971318715261,3.90376154395083,0.00202714576287317,0.00021628703683283,2941.9175131102,0.636298621517215,0.000968239489761082,10938.4245842631,10.591014638257,3.90740529561581,0.00167091081365232,0.000167625320805902,2648.46359786419,0.443949560234738,0.00085209883125289,15250.8679226982,12.9952467325233
0.68,3.9063884069269,0.00286904614563968,0.000419927884815373,934.111456752845,0.392259448216029,0.00123809701649412,8238.53377026418,10.2001040812501,3.90772522446575,0.00202814692829432,0.000217454324024501,2920.1571202487,0.635000792629016,0.000978657746959013,10826.7944279456,10.5957262416417,3.91144522654315,0.00167105441364903,0.000167841431165865,2638.75325120984,0.442892122176639,0.00083766012937567,15113.1030091442,12.6596438219075
0.685,3.90996202451969,0.00286931775189027,0.000422815607476484,927.888251443355,0.392325634704314,0.00124388379276961,8202.59605461707,10.2030762909741,3.91168890498067,0.00202914809371547,0.000218621611216172,2898.62909808223,0.633702963740817,0.000989076004156945,10717.5159446536,10.6004378450263,3.9154851574705,0.00167185602774124,0.00016919717704959,2645.73941340886,0.447651639957617,0.000836299809986063,15028.5942269965,12.5684104963948
0.69,3.91353564211248,0.00286958935814085,0.000425703330137594,921.749475311297,0.3923918211926,0.0012496705690451,8166.99116831788,10.2060485006981,3.91565258549559,0.00203014925913663,0.000219788898407844,2877.32974428544,0.632405134852619,0.000999494261354876,10610.5155961927,10.605149448411,3.91952508839784,0.00167271854829674,0.000170658408772718,2654.12987515554,0.452949581170176,0.000836150039167448,14949.2264380534,12.4997962717014
0.695,3.91984409931389,0.00286986096439143,0.000428591052798705,915.693421778474,0.392458007680885,0.00125545734532059,8131.71450903826,10.2090207104221,3.91961626601051,0.00203115042455778,0.000220956185599515,2856.2554347689,0.63110730596442,0.00100991251855281,10505.7228788485,10.6098610517957,3.92356501932519,0.00167358106885224,0.000172119640495845,2662.37787310389,0.458247522382735,0.000836000268348834,14869.8302113713,12.431182047008
0.7,3.92628440110902,0.00287013257064201,0.000431478775459816,909.718429952591,0.392524194169171,0.00126124412159608,8096.76155891456,10.2119929201461,3.92391777917004,0.00203215158997893,0.000222123472791186,2835.4026216234,0.629809477076221,0.00102033077575074,10403.0701684661,10.6145726551804,3.92760495025253,0.00167444358940774,0.000173580872218973,2670.48700510347,0.463545463595294,0.000835850497530219,14790.4055316634,12.3625678223146
0.705,3.93272470290416,0.00287040417689259,0.000434366498120927,903.822883108631,0.392590380657456,0.00126703089787157,8062.12788261893,10.2149651298701,3.93140579950956,0.00203315275540008,0.000223290759982857,2814.76783112869,0.628511648188022,0.00103074903294867,10302.4925749253,10.6192842585651,3.93304443957222,0.00167530610996324,0.000175042103942101,2678.46074886608,0.468843404807854,0.000835700726711605,14710.9523836321,12.2939535976211
0.71,3.93916500469929,0.00287067578314318,0.000437254220782038,898.005207230401,0.392656567145742,0.00127281767414706,8027.80912548321,10.2179373395941,3.93889381984908,0.00203415392082124,0.000224458047174528,2794.34766182445,0.627213819299824,0.0010411672901466,10203.9278053519,10.6239958619497,3.93960304243845,0.00167616863051874,0.000176503335665229,2686.3024669387,0.474141346020413,0.00083555095589299,14631.4707519686,12.2253393729277
0.715,3.94560530649443,0.00287156667545703,0.000441266509770157,889.355430804929,0.392442766896426,0.00128134125375447,7981.76272554074,10.2273618579151,3.9463818401886,0.00203515508624239,0.000225625334366199,2774.13878264104,0.625915990411625,0.00105158554734453,10107.316035461,10.6287074653344,3.94616164530467,0.00167703115107424,0.000177964567388357,2694.0154114315,0.479439287232972,0.000835401185074375,14551.9606213534,12.1567251482343
0.72,3.95204560828956,0.00287355752706722,0.000447276223307436,875.815975229627,0.391731661713027,0.00129472587003896,7915.37964202932,10.2482467937151,3.95386986052812,0.00203615625166354,0.00022679262155787,2754.13793108804,0.624618161523426,0.00106200380454246,10012.5997884727,10.6334190687191,3.95272024817089,0.00167789367162974,0.000179425799111484,2701.60272851478,0.484737228445531,0.000835251414255761,14472.4219764558,12.0881109235409
0.725,3.9584859100847,0.00287554837867741,0.000453285936844716,862.63553476088,0.391020556529627,0.00130811048632345,7850.35502496224,10.2691317295151,3.96135788086764,0.0020366172337891,0.000228750392265209,2718.08482243697,0.621762969342568,0.00108080574020112,9906.38585488713,10.7068786966092,3.95927885103712,0.00167875619218524,0.000180887030834612,2709.06746269796,0.49003516965809,0.000835101643437146,14392.8548019342,12.0194966988475
0.73,3.96492621187984,0.00287753923028759,0.000459295650381995,849.800016659442,0.390309451346228,0.00132149510260794,7786.64759711028,10.2900166653151,3.96884590120716,0.00203634376051914,0.000231782936827786,2661.06871586531,0.616790322063808,0.00111100646943576,9787.35161444211,10.8738109622877,3.96583745390334,0.00167961871274074,0.00018234826255774,2716.41256090282,0.495333110870649,0.000834951872618531,14313.2590824359,11.950882474154
0.735,3.97136651367497,0.00287953008189778,0.000465305363919274,837.296056252686,0.389598346162829,0.00133487971889243,7724.21773676376,10.3109016011151,3.97633392154668,0.00203607028724919,0.000234815481390363,2605.52528803647,0.611817674785048,0.00114120719867039,9674.61758112778,11.0407432279662,3.97239605676957,0.00168076800124621,0.000183666329548295,2691.51531566768,0.494340738951702,0.000853979760233719,14027.230930323,11.9789713066203
0.74,3.97780681547011,0.00288152093350797,0.000471315077456553,825.110970516912,0.38888724097943,0.00134826433517692,7663.02739555846,10.3317865369151,3.9838219418862,0.00203579681397924,0.000237848025952939,2551.39820931858,0.606845027506288,0.00117140792790503,9567.69646735163,11.2076754936446,3.97895465963579,0.00168192051326968,0.000184982787244325,2666.61382856333,0.493277658511907,0.000873223221196818,13751.5206570275,12.0081471644842
0.745,3.98500172875432,0.00288351178511815,0.000477324790993833,813.232715166153,0.388176135796031,0.00136164895146141,7603.04002114789,10.3526714727152,3.99130996222572,0.00203552334070928,0.000240880570515516,2498.63398670736,0.601872380227528,0.00120160865713966,9466.14997465105,11.3746077593231,3.98551326250202,0.00168307302529314,0.000186299244940356,2642.06426724754,0.492214578072112,0.000892466682159917,13487.7001718605,12.0373230223481
0.75,3.9926428669496,0.00288550263672834,0.000483334504531112,801.649844942306,0.387465030612632,0.0013750335677459,7544.22048439196,10.3735564085152,3.9987286124448,0.00203524986743933,0.000243913115078093,2447.1817874888,0.596899732948768,0.0012318093863743,9369.58278826962,11.5415400250016,3.99207186536824,0.0016842255373166,0.000187615702636387,2617.85922356512,0.491151497632317,0.000911710143123017,13235.0166017445,12.066498880212
0.755,4.00028400514488,0.00288749348833853,0.000489344218068391,790.351476831345,0.386753925429233,0.00138841818403039,7486.53501075701,10.3944413443152,4.00534797054731,0.00203497639416937,0.000246945659640669,2396.99327589447,0.591927085670008,0.00126201011560893,9277.63743401581,11.70847229068,3.99913166393762,0.00168537804934006,0.000188932160332418,2593.99149583762,0.490088417192521,0.000930953604086116,12992.7793232507,12.0956747380759
0.76,4.00792514334016,0.00288948433994872,0.00049535393160567,779.327255957152,0.386042820245834,0.00140180280031488,7429.95111564598,10.4153262801152,4.01196732864982,0.00203470292089942,0.000249978204203246,2348.02246164639,0.586954438391248,0.00129221084484356,9189.98985633504,11.8754045563585,4.00648609511886,0.00168653056136353,0.000190248618028448,2570.45408171954,0.489025336752726,0.000950197065049216,12760.3536591767,12.1248505959397
0.765,4.01556628153543,0.0028914751915589,0.00050136364514295,768.56732392826,0.385331715062435,0.00141518741659937,7374.43754339828,10.4362112159152,4.01858668675234,0.00203442944762946,0.000253010748765823,2300.22555939372,0.581981791112488,0.0013224115740782,9106.34560229949,12.042336822037,4.0138405263001,0.00168768307338699,0.000191565075724479,2547.24017134913,0.487962256312931,0.000969440526012315,12537.155325864,12.1540264538036
0.77,4.02320741973071,0.00289346604316909,0.000507373358680229,758.062289434164,0.384620609879036,0.00142857203288386,7319.9642097189,10.4570961517152,4.02520604485485,0.00203415597435951,0.000256043293328399,2253.5608581384,0.577009143833728,0.00135261230331283,9026.43651681442,12.2092690877154,4.02119495748134,0.00168883558541045,0.00019288153342051,2524.34314077971,0.486899175873136,0.000988683986975414,12322.6455289707,12.1832023116675
0.775,4.03084855792599,0.00289114483959505,0.000520104612821398,734.076857266206,0.381796759629589,0.00142790025493621,7318.36877355809,10.4499006374808,4.03182540295736,0.00203388250108955,0.000259075837890976,2207.98859983111,0.572036496554968,0.00138281303254747,8950.017870886,12.3762013533939,4.02854938866258,0.00168998809743392,0.00019419799111654,2501.75654567809,0.485836095433341,0.00100792744793851,12116.3266210371,12.2123781695314
0.78,4.03848969612126,0.00288828720746345,0.000533672040475351,709.63072976344,0.378710079536867,0.00142547983255795,7323.29677272241,10.4392118573525,4.03844476105988,0.00203302936209995,0.000262146239681855,2163.21962093413,0.56707988923389,0.00138393843359397,8951.24049096543,12.3879657437896,4.03590381984382,0.00169105289936576,0.000195375211585796,2479.96965267473,0.484524595617679,0.00102495341014735,11937.1444188034,12.2350168794739
0.785,4.04613083431654,0.00288542957533185,0.000547239468129303,686.396762880033,0.375623399444145,0.00142305941017968,7328.24153554308,10.4285230772242,4.04506411916239,0.00203162561623837,0.000265252600904783,2119.25732627794,0.562138517781739,0.00135744606294485,9026.02410060241,12.2523408794081,4.04325825102506,0.00169079701496473,0.000194455880802667,2465.7137792986,0.479472544760782,0.00100858959651743,12055.6697694734,12.1592231085405
0.79,4.05377197251182,0.00288257194320025,0.000560806895783256,664.286980335925,0.372536719351423,0.00142063898780142,7333.20314770365,10.4178342970959,4.05168347726491,0.0020302218703768,0.000268358962127711,2076.31279355008,0.557197146329587,0.00133095369229573,9103.78481622956,12.1167160150265,4.0506126822063,0.0016905411305637,0.000193536550019538,2451.32247038604,0.474420493903885,0.000992225782887507,12178.104566526,12.0834293376072
0.795,4.05957200433107,0.00287971431106865,0.000574374323437208,643.221718282624,0.369450039258701,0.00141821856542315,7338.18169547259,10.4071455169676,4.05830283536742,0.00202881812451522,0.000271465323350638,2034.35108418659,0.552255774877435,0.00130446132164661,9184.70402443313,11.9810911506449,4.05796711338755,0.00169028524616267,0.000192617219236409,2436.79378670143,0.469368443046988,0.000975861969257586,12304.6454774838,12.0076355666738
0.8,4.06113122512904,0.00287685667893705,0.000587941751091161,623.128666208932,0.366363359165979,0.00141579814304489,7343.17726570832,10.3964567368393,4.06457832641375,0.00202741437865364,0.000274571684573566,1993.33884073047,0.547314403425283,0.00127796895099748,9268.97815241734,11.8454662862634,4.06532154456879,0.00169002936176164,0.000191697888453279,2422.12575180897,0.46431639219009,0.000959498155627665,12435.5025861776,11.9318417957405
0.805,4.062690445927,0.00287399904680545,0.000601509178745113,603.942037644605,0.363276679073257,0.00141337772066662,7348.18994586422,10.385767956711,4.06580636668067,0.00202601063279207,0.000277678045796494,1953.24419839309,0.542373031973132,0.00125147658034836,9356.82025997023,11.7098414218818,4.06829413079168,0.00168977347736062,0.00019077855767015,2407.31635117636,0.459264341333194,0.000943134341997745,12570.9005566414,11.8560480248071
0.81,4.06424966672497,0.00287114141467385,0.000615076606399066,585.60185062028,0.360189998980535,0.00141095729828836,7353.21982399378,10.3750791765827,4.06703440694759,0.00202460688693049,0.000280784407019422,1914.03670248614,0.53743166052098,0.00122498420969924,9448.46183800359,11.5742165575003,4.06942249393292,0.00168951759295959,0.000189859226887021,2392.36353125247,0.454212290476296,0.000926770528367823,12711.0799203126,11.7802542538737
0.815,4.06580888752293,0.00286828378254225,0.000628644034053018,568.0533013023,0.357103318887813,0.00140853687591009,7358.26698875572,10.3643903964544,4.06826244721451,0.00202320314106892,0.00028389076824235,1875.68723127431,0.532490289068828,0.00119849183905012,9544.15484563042,11.4385916931187,4.07055085707416,0.00168926170855856,0.000188939896103891,2377.26519851806,0.449160239619399,0.000910406714737903,12856.2985020492,11.7044604829404
0.82,4.0673681083209,0.00286542615041065,0.000642211461706971,551.246217023485,0.35401663879509,0.00140611645353183,7363.33152941922,10.3537016163261,4.06949048748142,0.00202179939520734,0.000286997129465278,1838.16792383807,0.527548917616677,0.001171999468401,9644.17402352427,11.3029668287372,4.07167922021541,0.00168900582415753,0.000188020565320762,2362.01921850866,0.444108188762502,0.000894042901107982,13006.8330027515,11.628666712007
0.825,4.06892732911886,0.00286256851827905,0.000655778889360923,535.134577211475,0.350929958702368,0.00140369603115356,7368.41353586916,10.3430128361977,4.07071852774834,0.00202039564934577,0.000290103490688205,1801.45211257112,0.522607546164525,0.00114550709775188,9748.81952828764,11.1673419643556,4.07280758335665,0.0016887499397565,0.000187101234537633,2346.62341480861,0.439056137905605,0.000877679087478062,13162.9807590265,11.5528729410737
0.83,4.07048654991683,0.00286069541104268,0.000672425187414156,517.020882977706,0.347657864133316,0.00139151282020302,7378.4123255816,10.2671553437908,4.07194656801526,0.00201899190348419,0.000293209851911133,1765.51425996855,0.517666174712373,0.00111901472710276,9858.4199410282,11.031717099974,4.07393594649789,0.00168849405535547,0.000186181903754503,2331.07556801535,0.434004087048708,0.000861315273848141,13325.0617034383,11.4770791701403
0.835,4.07204577071479,0.00286019665494594,0.000693369445897367,496.311081461614,0.344126939545763,0.00136570120872619,7395.70653071387,10.1003253483801,4.07317460828218,0.00201862335801844,0.000298523661806756,1715.03132929102,0.511977432533264,0.00109476946333788,9934.66467180875,10.8761675111979,4.07506430963913,0.00168840007036309,0.000185500722736789,2315.13514976111,0.42945924351403,0.000844900181627662,13484.4271036674,11.3929949090336
0.84,4.07360499151276,0.00285969789884921,0.000714313704380578,476.815736376721,0.340596014958209,0.00133988959724936,7413.66704642068,9.93349535296947,4.0744026485491,0.00201990899720214,0.000307364834832748,1643.3058764043,0.50509443928069,0.00107411493401297,9951.24370461649,10.6887794751311,4.07619267278038,0.00169007304696845,0.000187418695684672,2296.72942894701,0.430450033913849,0.000827925437577311,13550.0471017466,11.2184286759067
0.845,4.07516421231072,0.00285919914275248,0.00073525796286379,458.431064191138,0.337065090370655,0.00131407798577253,7432.33313646686,9.76666535755882,4.07563068881601,0.00202119463638583,0.000316206007858739,1575.59133490811,0.498211446028115,0.00105346040468806,9968.47284656508,10.5013914390644,4.07732103592162,0.00169174602357381,0.000189336668632554,2278.69660657738,0.431440824313669,0.000810950693526959,13618.4142031475,11.0438624427798
0.85,4.07572988247499,0.00285870038665574,0.000756202221347,441.064779192247,0.333534165783101,0.0012882663742957,7451.74721136101,9.59983536214818,4.07683055861495,0.00202248027556953,0.000325047180884731,1511.56041851591,0.491328452775541,0.00103280587536314,9986.39110120388,10.3140034029976,4.07844939906286,0.00169341900017917,0.000191254641580437,2261.02546395779,0.432431614713488,0.000793975949476607,13689.7046022843,10.8692962096529
0.855,4.07627221267037,0.00285820163055901,0.000777146479830212,424.634544143654,0.330003241195547,0.00126245476281888,7471.9551500404,9.43300536673754,4.07746954713291,0.00202376591475322,0.000333888353910723,1450.92050635734,0.484445459522966,0.00101215134603823,10005.0406557957,10.1266153669308,4.07920940559468,0.00169509197678453,0.00019317261452832,2243.70522794661,0.433422405113307,0.000777001205426255,13764.1098904847,10.6947299765261
0.86,4.07681454286575,0.00285770287446227,0.000798090738313423,409.066664898175,0.326472316607994,0.00123664315134205,7493.00666184171,9.26617537132689,4.07810853565086,0.00202505155393691,0.000342729526936715,1393.40917177111,0.477562466270392,0.00099149681671332,10024.4672129269,9.93922733086407,4.07986424638675,0.0016967649533899,0.000195090587476202,2226.72554905355,0.434413195513126,0.000760026461375903,13841.8387753949,10.5201637433992
0.865,4.07735687306113,0.00285720411836554,0.000819034996796634,394.294985297956,0.32294139202044,0.00121083153986522,7514.95569476916,9.09934537591625,4.07874752416881,0.00202633719312061,0.000351570699962706,1338.79038573961,0.470679473017817,0.000970842287388408,10044.7203644477,9.7518392947973,4.08051908717882,0.00169843792999526,0.000197008560424085,2210.07648081731,0.435403985912946,0.000743051717325552,13923.1190360598,10.3455975102723
0.87,4.07789920325651,0.0028567053622688,0.000839979255279845,380.259947403668,0.319410467432886,0.00118501992838839,7537.86089711899,8.9325153805056,4.07938651268677,0.0020276228323043,0.000360411872988698,1286.85127911917,0.463796479765243,0.000950187758063495,10065.8540141825,9.56445125873054,4.08117392797089,0.00170011090660062,0.000198926533371968,2193.74846037638,0.436394776312765,0.0007260769732752,14008.1997522463,10.1710312771454
0.875,4.07844153345189,0.00285620660617207,0.000860923513763056,366.90778889827,0.315879542845332,0.00115920831691156,7561.78614077671,8.76568538509496,4.08002550120472,0.00202890847148799,0.00036925304601469,1237.39937000951,0.456913486512668,0.000929533228738583,10087.9268569977,9.37706322266378,4.08182876876296,0.00170178388320598,0.00020084450631985,2177.73229015304,0.437385566712584,0.000709102229224848,14097.3538539657,9.99646504401856
0.88,4.07898386364727,0.00285570785007534,0.000881867772246267,354.189854860183,0.312348618257778,0.00113339670543474,7586.80111601883,8.59885538968432,4.08066448972267,0.00203019411067169,0.000378094219040681,1190.26018012635,0.450030493260094,0.000908878699413671,10111.0029231903,9.18967518659701,4.08248360955502,0.00170345685981134,0.000202762479267733,2162.01912057684,0.438376357112403,0.000692127485174496,14190.8810461637,9.82189881089168
0.885,4.07952619384264,0.0028552090939786,0.000902812030729478,342.062005333156,0.308817693670224,0.00110758509395791,7612.98200948352,8.43202539427367,4.08130347824063,0.00203147974985538,0.000386935392066673,1145.27517795829,0.443147500007519,0.000888224170088758,10135.1521988314,9.00228715053025,4.08313845034709,0.00170512983641671,0.000204680452215616,2146.60043377949,0.439367147512223,0.000675152741124145,14289.1111746088,9.64733257776481
0.89,4.08006852403802,0.00286035910831199,0.000931510001381342,329.809774483498,0.307221103484703,0.0010928252226351,7613.87184637945,8.32063119563476,4.08194246675858,0.00203319286743078,0.00039698818728117,1099.8933678583,0.436644674308646,0.000870987875400896,10141.2892413065,8.83293997011153,4.08379329113916,0.00170686309857732,0.000206709801728262,2129.31374439225,0.440150021920585,0.000658936347739473,14383.8094907091,9.47801489238824
0.895,4.0806108542334,0.00286583597956228,0.000960656627981485,318.257774431671,0.305736440414421,0.00107870484228785,7613.24541922685,8.21244469924583,4.08258145527653,0.00203614236467677,0.00041054531177025,1050.41119837406,0.431241392923439,0.000863638012159778,10091.9268895892,8.71577167778664,4.08444813193123,0.0017095921764977,0.00021057890436255,2077.59877905409,0.437498474598182,0.000655246629130997,14338.7145413263,9.39539436927569
0.9,4.08166405747922,0.00287131285081257,0.000989803254581628,307.386115307068,0.304251777344139,0.00106458446194061,7612.60237453009,8.10425820285691,4.08324983127735,0.00203909186192277,0.00042410243625933,1004.09258502312,0.425838111538233,0.00085628814891866,10041.717144305,8.59860338546174,4.0851029727233,0.00171232125441808,0.000214448006996838,2027.74991181052,0.43484692727578,0.000651556910522521,14293.1088532154,9.31277384616313
0.905,4.08299085567115,0.00287678972206285,0.00101894988118177,297.136414523853,0.302767114273857,0.00105046408159336,7611.94204216809,7.99607170646799,4.08480735104616,0.00204204135916876,0.00043765956074841,960.643540915844,0.420434830153026,0.000848938285677543,9990.63799598549,8.48143509313685,4.08662459601784,0.00171505033233846,0.000218317109631126,1979.66792746398,0.432195379953378,0.000647867191914044,14246.9837001334,9.23015332305057
0.91,4.08431765386307,0.00288226659331314,0.00104809650778191,287.4567837662,0.301282451203575,0.00103634370124611,7611.26371549764,7.88788521007907,4.08636487081497,0.00204499085641475,0.00045121668523749,919.805411338843,0.415031548767819,0.000841588422436425,9938.66666629887,8.36426680081195,4.08829698931597,0.00171777941025885,0.000222186212265414,1933.26052166487,0.429543832630975,0.000644177473305568,14200.3301559085,9.14753279993801
0.915,4.085644452055,0.00288774346456342,0.00107724313438206,278.30095042125,0.299797788133293,0.00102222332089887,7610.56664883097,7.77969871369014,4.08792239058378,0.00204794035366075,0.000464773809726571,881.349720681549,0.409628267382612,0.000834238559195307,9885.77957418088,8.24709850848705,4.0899693826141,0.00172050848817923,0.000226055314899702,1888.44170949035,0.426892285308572,0.000640487754697092,14153.1390886818,9.06491227682545
0.92,4.08697125024693,0.00289322033581371,0.0011063897609822,269.627517881387,0.298313125063011,0.00100810294055162,7609.85005470125,7.67151221730122,4.08947991035259,0.00205088985090674,0.000478330934215651,845.073895670659,0.404224985997406,0.000826888695954189,9831.95230015887,8.12993021616216,4.09164177591223,0.00172323756609961,0.00022992441753399,1845.13129373679,0.42424073798617,0.000636798036088616,14105.4011549479,8.98229175371289
0.925,4.08829804843885,0.002898697207064,0.00113553638758234,261.399339764623,0.296828461992729,0.000993982560204371,7609.11310089507,7.5633257209123,4.09103743012141,0.00205383934815273,0.000491888058704731,810.79769584649,0.398821704612199,0.000819538832713071,9777.15954875638,8.01276192383726,4.09331416921036,0.00172596664401999,0.000233793520168278,1803.2543860083,0.421589190663768,0.000633108317480139,14057.1067933877,8.89967123060033
0.93,4.08962484663078,0.00290417407831428,0.00116468301418248,253.582988097199,0.295343798922447,0.000979862179857124,7608.35490722831,7.45513922452338,4.09259494989022,0.00205678884539873,0.000505445183193811,778.360218493046,0.393418423226992,0.000812188969471953,9721.37510885638,7.89559363151237,4.09498656250849,0.00172869572194037,0.000237662622802566,1762.74097458476,0.418937643341365,0.000629418598871663,14008.2462184845,8.81705070748778
0.935,4.09095164482271,0.00290965094956457,0.00119382964078263,246.148299400174,0.293859135852165,0.000965741799509876,7607.57454203919,7.34695272813446,4.09415246965903,0.00205973834264472,0.000519002307682891,747.617372982591,0.388015141841785,0.000804839106230835,9664.57181189273,7.77842533918747,4.09665895580662,0.00173142479986076,0.000241531725436854,1723.5255338239,0.416286096018963,0.000625728880263187,13958.8094139133,8.73443018437522
0.94,4.09227844301463,0.00291512782081486,0.00122297626738277,239.067985683466,0.292374472781883,0.00095162141916263,7606.77101836907,7.23876623174554,4.09570998942784,0.00206268783989071,0.000532559432171971,718.439740887038,0.382611860456579,0.000797489242989718,9606.72148772965,7.66125704686257,4.09833134910475,0.00173415387778114,0.000245400828071142,1685.54667051346,0.41363454869656,0.000622039161654711,13908.7861256961,8.65180966126266
0.945,4.09360524120656,0.00292137052749988,0.00126128679487369,231.173277192238,0.291575801850244,0.000947908610047007,7551.66426443891,7.15828757644594,4.09726750919665,0.00206618421322299,0.000548925452782797,687.945774427393,0.377630945717569,0.000793843477207096,9523.65812322954,7.56029388027614,4.10000374240288,0.00173693176891819,0.000249672815135695,1645.94638331459,0.41094806708457,0.000619340559208734,13845.8013891348,8.57526637503982
0.95,4.09651197596588,0.00292846592914364,0.00130980057457455,222.58421058406,0.291540926914224,0.000955783778085967,7437.51828935199,7.10865933018032,4.09891327046722,0.00207337447346768,0.00058426422587406,642.693663976841,0.375502916057592,0.000815217121611763,9284.38375729722,7.56878860256285,4.10167613570101,0.00174133041386865,0.000267321844757178,1522.88959581456,0.40710165611466,0.000649550160924233,13394.6647648289,8.70050665352074
0.955,4.10269077836929,0.0029355613307874,0.00135831435427541,214.608681017515,0.291506051978204,0.000963658946124928,7325.23795093744,7.05903108391471,4.10596194342049,0.00208056473371236,0.000619602998965322,602.603420288662,0.373374886397615,0.000836590766016431,9057.33559662638,7.57728332484955,4.10885230770881,0.00174572905881911,0.000284970874378661,1415.07529856864,0.403255245144751,0.000679759762639732,12983.6265943844,8.82574693200166
0.96,4.1088695807727,0.00294265673243116,0.00140682813397627,207.183215918754,0.291471177042184,0.000971534114163889,7214.77788114671,7.00940283764909,4.11301061637377,0.00208775499395705,0.000654941772056584,566.839484939074,0.371246856737639,0.000857964410421099,8841.5999020438,7.58577804713626,4.11646871796339,0.00175012770376957,0.000302619904000145,1319.8366296972,0.399408834174841,0.000709969364355231,12607.5682414995,8.95098721048258
0.965,4.11504838317612,0.00294975213407492,0.00145534191367713,200.252806139423,0.291436302106163,0.00097940928220285,7106.09417110058,6.95977459138347,4.12005928932705,0.00209494525420174,0.000690280545147847,534.737404483278,0.369118827077662,0.000879338054825767,8636.35177363921,7.59427276942296,4.12408512821796,0.00175452634872004,0.000320268933621628,1235.09457733499,0.395562423204932,0.00074017896607073,12262.2067162284,9.07622748896349
0.97,4.12122718557953,0.00295684753571868,0.00150385569337799,193.769540823156,0.291401427170143,0.00098728445024181,6999.14431289321,6.91014634511786,4.12710796228033,0.00210213551444643,0.000725619318239109,505.762165081653,0.366990797417685,0.000900711699230434,8440.84461010715,7.60276749170967,4.13170153847254,0.0017589249936705,0.000337917963243111,1159.2044663018,0.391716012235023,0.000770388567786229,11943.9308320547,9.20146776744441
0.975,4.12740598798294,0.00296394293736243,0.00155236947307885,187.691498246386,0.291366552234123,0.000995159618280771,6893.88714415926,6.86051809885224,4.13415663523361,0.00210932577469112,0.000760958091330372,479.478136726064,0.364862767757708,0.000922085343635102,8254.40103406348,7.61126221399637,4.13931794872712,0.00176332363862096,0.000355566992864594,1090.84816377436,0.387869601265113,0.000800598169501728,11649.6744574498,9.32670804592533
0.98,4.13358479038635,0.00297103833900619,0.00160088325277971,181.98183833346,0.291331677298102,0.00100303478631973,6790.28279525249,6.81088985258663,4.14120530818689,0.00211651603493581,0.000796296864421634,455.527020517898,0.362734738097732,0.00094345898803977,8076.40505085938,7.61975693628307,4.14693435898169,0.00176772228357142,0.000373216022486078,1028.95686990375,0.384023190295204,0.000830807771217226,11376.8174201814,9.45194832440625
0.985,4.13976359278976,0.00297813374064995,0.00164939703248058,176.608055323097,0.291296802362082,0.00101090995435869,6688.29263889311,6.76126160632101,4.14825398114017,0.0021237062951805,0.000831635637512897,433.611418476716,0.360606708437755,0.000964832632444437,7906.29524961582,7.62825165856978,4.15455076923627,0.00177212092852188,0.000390865052107561,972.654826199898,0.380176779325294,0.000861017372932725,11123.107272814,9.57718860288717
0.99,4.14594239519318,0.00298522914229371,0.00169791081218144,171.541358554549,0.291261927426062,0.00101878512239765,6587.87924215064,6.7116333600554,4.15530265409344,0.00213089655542519,0.000866974410604159,413.482421618383,0.358478678777778,0.000986206276849105,7743.55888836524,7.63674638085648,4.16216717949085,0.00177651957347235,0.000408514081729044,921.217615712434,0.376330368355385,0.000891226974648224,10886.5969695293,9.70242888136808
0.995,4.15212119759659,0.00299232454393747,0.0017464245918823,166.756156460301,0.291227052490041,0.00102666029043661,6489.00632063659,6.66200511378978,4.16235132704672,0.00213808681566988,0.000902313183695421,394.930114684092,0.356350649117801,0.00100757992125377,7587.72673201933,7.64524110314319,4.16978358974542,0.00178091821842281,0.000426163111350528,874.040824896972,0.372483957385475,0.000921436576363723,10665.5948026635,9.827669159849
1,4.1583,0.00299941180365928,0.00179488270237264,162.234678170241,0.291192217572757,0.00103452642177734,6391.74957389361,6.61243381557699,4.1694,0.0021452690727301,0.000937612622644343,377.794602510305,0.354224988080565,0.00102892977552942,7438.53132869443,7.6537263703021,4.1774,0.00178531201086508,0.000443792670871176,830.662185081222,0.368641789708882,0.000951612851374909,10458.8449610206,9.95277127544488
