SOC,OCVchg_V_15C,OCVdis_V_15C,OCVavg_V_15C,OCVchg_V_25C,OCVdis_V_25C,OCVavg_V_25C,OCVchg_V_45C,OCVdis_V_45C,OCVavg_V_45C
0,3.0144,3.0144,3.0144,2.9285,2.9285,2.9285,2.8826,2.8826,2.8826
0.005,3.0428632444476,3.02235195314577,3.03260759879668,2.96098852233912,2.96098852233912,2.96098852233912,2.91797193598605,2.91797193598605,2.91797193598605
0.01,3.0713264888952,3.03933091204292,3.05532870046906,2.99347704467824,2.98135319413196,2.9874151194051,2.95334387197211,2.94161003185644,2.94747695191427
0.015,3.09978973334279,3.05630987094007,3.07804980214143,3.02596556701736,2.99665189169464,3.011308729356,2.98871580795816,2.95838434622152,2.97355007708984
0.02,3.12825297779039,3.07209166732984,3.10017232256012,3.05845408935648,3.01195058925733,3.03520233930691,3.02408774394422,2.97515866058659,2.99962320226541
0.025,3.15671622223799,3.08269632153104,3.11970627188452,3.0909426116956,3.02724928682002,3.05909594925781,3.05945967993027,2.99193297495167,3.02569632744097
0.03,3.18517946668559,3.09330097573224,3.13924022120891,3.12343113403473,3.04254798438271,3.08298955920872,3.09483161591632,3.00870728931675,3.05176945261654
0.035,3.21364271113318,3.10390562993344,3.15877417053331,3.15591965637385,3.05784668194539,3.10688316915962,3.13020355190238,3.02548160368183,3.0778425777921
0.04,3.24210595558078,3.11451028413464,3.17830811985771,3.18840817871297,3.07314537950808,3.13077677911052,3.16557548788843,3.0422559180469,3.10391570296767
0.045,3.27056920002838,3.12511493833583,3.19784206918211,3.22089670105209,3.08844407707077,3.15467038906143,3.20094742387449,3.05903023241198,3.12998882814323
0.05,3.29903244447598,3.13571959253703,3.2173760185065,3.25338522339121,3.1021147670589,3.17774999522505,3.23436994268909,3.07580454677706,3.15508724473307
0.055,3.3124800906305,3.14632424673823,3.22940216868436,3.26269409620552,3.11204891486863,3.18737150553707,3.24341687444899,3.09257886114213,3.16799786779556
0.06,3.31867830221347,3.15692890093943,3.23780360157645,3.27162977716811,3.12198306267836,3.19680641992323,3.25246380620889,3.10539579194103,3.17892979907496
0.065,3.32487651379643,3.16753355514062,3.24620503446853,3.2805654581307,3.13191721048809,3.20624133430939,3.26151073796879,3.11550063725534,3.18850568761207
0.07,3.33107472537939,3.17813820934182,3.25460646736061,3.28950113909329,3.14185135829782,3.21567624869556,3.2705576697287,3.12560548256965,3.19808157614917
0.075,3.33727293696236,3.18593738105777,3.26160515901006,3.29843682005588,3.15178550610755,3.22511116308172,3.2796046014886,3.13571032788395,3.20765746468627
0.08,3.34347114854532,3.19328800314052,3.26837957584292,3.30737250101847,3.16171965391729,3.23454607746788,3.2886515332485,3.14581517319826,3.21723335322338
0.085,3.34966936012829,3.20063862522327,3.27515399267578,3.31630818198107,3.17165380172702,3.24398099185404,3.2976984650084,3.15592001851256,3.22680924176048
0.09,3.35586757171125,3.20798924730602,3.28192840950863,3.32524386294366,3.18158794953675,3.2534159062402,3.3067453967683,3.16602486382687,3.23638513029758
0.095,3.36206578329421,3.21533986938877,3.28870282634149,3.33417954390625,3.19152209734648,3.26285082062637,3.3157923285282,3.17612970914117,3.24596101883469
0.1,3.36826399487718,3.22269049147152,3.29547724317435,3.34311522486884,3.20070128126732,3.27190825306808,3.3243679874184,3.18623455445548,3.25530127093694
0.105,3.37422231001124,3.23004111355426,3.30213171178275,3.34896753241095,3.20800963106142,3.27848858173619,3.33023139053167,3.19633939976978,3.26328539515073
0.11,3.37973283104489,3.23739173563701,3.30856228334095,3.35471833982264,3.21531798085553,3.28501816033908,3.33609479364493,3.20454795394299,3.27032137379396
0.115,3.38524335207854,3.24474235771976,3.31499285489915,3.36046914723432,3.22262633064964,3.29154773894198,3.3419581967582,3.21181160229413,3.27688489952617
0.12,3.3907538731122,3.25209297980251,3.32142342645735,3.366219954646,3.22993468044375,3.29807731754487,3.34782159987147,3.21907525064528,3.28344842525837
0.125,3.39626439414585,3.25932934681414,3.32779687047999,3.37197076205769,3.23724303023786,3.30460689614777,3.35368500298474,3.22633889899642,3.29001195099058
0.13,3.4017749151795,3.26646700474044,3.33412095995997,3.37772156946937,3.24455138003196,3.31113647475067,3.359548406098,3.23360254734757,3.29657547672278
0.135,3.40728543621316,3.27360466266674,3.34044504943995,3.38347237688105,3.25185972982607,3.31766605335356,3.36541180921127,3.24086619569871,3.30313900245499
0.14,3.41279595724681,3.28074232059304,3.34676913891993,3.38922318429273,3.25916807962018,3.32419563195646,3.37127521232454,3.24812984404986,3.3097025281872
0.145,3.41830647828046,3.28787997851934,3.3530932283999,3.39497399170442,3.26647642941429,3.33072521055935,3.3771386154378,3.255393492401,3.3162660539194
0.15,3.42381699931412,3.29501763644565,3.35941731787988,3.4007247991161,3.27387153404286,3.33729816657948,3.3829863437559,3.26265714075215,3.32282174225402
0.155,3.42936427274703,3.30215529437195,3.36575978355949,3.40747371486944,3.28149933230456,3.344486523587,3.38877915828753,3.26992078910329,3.32934997369541
0.16,3.4364629706692,3.30929295229825,3.37287796148372,3.41427279498293,3.28912713056625,3.35169996277459,3.39457197281915,3.27713975088511,3.33585586185213
0.165,3.44356166859137,3.31643061022455,3.37999613940796,3.42107187509641,3.29675492882794,3.35891340196217,3.40036478735077,3.2843431167038,3.34235395202729
0.17,3.45066036651354,3.32356826815085,3.3871143173322,3.42787095520989,3.30438272708963,3.36612684114976,3.4061576018824,3.29154648252249,3.34885204220245
0.175,3.45775906443572,3.33081217022286,3.39428561732929,3.43467003532338,3.31201052535132,3.37334028033735,3.41195041641402,3.29874984834119,3.3553501323776
0.18,3.46485776235789,3.33845339494451,3.4016555786512,3.44146911543686,3.31963832361301,3.38055371952494,3.41774323094564,3.30595321415988,3.36184822255276
0.185,3.47195646028006,3.34609461966616,3.40902553997311,3.44826819555035,3.32726612187471,3.38776715871253,3.42353604547727,3.31315657997857,3.36834631272792
0.19,3.47905515820223,3.35373584438781,3.41639550129502,3.45506727566383,3.3348939201364,3.39498059790011,3.42932886000889,3.32035994579726,3.37484440290307
0.195,3.4861538561244,3.36137706910946,3.42376546261693,3.46186635577732,3.34252171839809,3.4021940370877,3.43512167454051,3.32756331161595,3.38134249307823
0.2,3.49325255404658,3.36901829383112,3.43113542393885,3.4686654358908,3.35030263572427,3.40948403580753,3.44136774634088,3.33476667743464,3.38806721188776
0.205,3.50035125196875,3.37665951855277,3.43850538526076,3.47417484993584,3.3585295370139,3.41635219347487,3.44869199979249,3.34197004325333,3.39533102152291
0.21,3.50539706392657,3.38430074327442,3.4448489036005,3.47959620660373,3.36675643830354,3.42317632245363,3.45601625324409,3.34972374751454,3.40287000037932
0.215,3.50955172854523,3.39194196799607,3.45074684827065,3.48501756327161,3.37498333959318,3.43000045143239,3.4633405066957,3.35760206872575,3.41047128771072
0.22,3.5137063931639,3.39958319271772,3.45664479294081,3.4904389199395,3.38321024088281,3.43682458041116,3.4706647601473,3.36548038993695,3.41807257504212
0.225,3.51786105778256,3.40722441743937,3.46254273761097,3.49586027660739,3.39143714217245,3.44364870938992,3.47798901359891,3.37335871114815,3.42567386237353
0.23,3.52201572240122,3.41415380557395,3.46808476398759,3.50128163327527,3.39966404346208,3.45047283836868,3.48531326705051,3.38123703235935,3.43327514970493
0.235,3.52617038701988,3.42099107064218,3.47358072883103,3.50670298994316,3.40789094475172,3.45729696734744,3.49263752050212,3.38911535357055,3.44087643703633
0.24,3.53032505163854,3.42782833571042,3.47907669367448,3.51212434661105,3.41611784604136,3.4641210963262,3.49996177395373,3.39699367478175,3.44847772436774
0.245,3.53447971625721,3.43466560077865,3.48457265851793,3.51754570327893,3.42434474733099,3.47094522530496,3.50728602740533,3.40487199599295,3.45607901169914
0.25,3.53863438087587,3.44150286584688,3.49006862336137,3.52296705994682,3.43227493969235,3.47762099981958,3.51351051934443,3.41275031720415,3.46313041827429
0.255,3.54278904549453,3.44834013091511,3.49556458820482,3.52785558984512,3.43926379326942,3.48355969155727,3.51786278115418,3.42062863841535,3.46924570978477
0.26,3.5472963694448,3.45517739598335,3.50123688271407,3.53269787620208,3.4462526468465,3.48947526152429,3.52221504296393,3.42772733637018,3.47497118966706
0.265,3.55240016384823,3.46201466105158,3.5072074124499,3.53754016255903,3.45324150042358,3.4953908314913,3.52656730477368,3.43472908303768,3.48064819390568
0.27,3.55750395825166,3.46885192611981,3.51317794218573,3.54238244891599,3.46023035400066,3.50130640145832,3.53091956658344,3.44173082970517,3.4863251981443
0.275,3.56260775265509,3.47568919118804,3.51914847192157,3.54722473527294,3.46721920757773,3.50722197142534,3.53527182839319,3.44873257637267,3.49200220238293
0.28,3.56771154705852,3.48199533567974,3.52485344136913,3.5520670216299,3.47420806115481,3.51313754139236,3.53962409020294,3.45573432304017,3.49767920662155
0.285,3.57281534146194,3.48788357326098,3.53034945736146,3.55690930798686,3.48119691473189,3.51905311135937,3.54397635201269,3.46273606970766,3.50335621086017
0.29,3.57791913586537,3.49377181084222,3.5358454733538,3.56175159434381,3.48818576830896,3.52496868132639,3.54832861382244,3.46973781637516,3.5090332150988
0.295,3.5830229302688,3.49966004842346,3.54134148934613,3.56659388070077,3.49517462188604,3.53088425129341,3.55268087563219,3.47673956304265,3.51471021933742
0.3,3.58812672467223,3.5055482860047,3.54683750533847,3.57143616705772,3.50190213894784,3.53666915300278,3.55749848191092,3.48374130971015,3.52061989581053
0.305,3.59323051907566,3.51143652358594,3.5523335213308,3.57686520682351,3.50772279853485,3.54229400267918,3.56289841933688,3.49074305637765,3.52682073785726
0.31,3.59833387055422,3.51732476116718,3.5578293158607,3.58235640450996,3.51354345812186,3.54794993131591,3.56829835676285,3.4968811977558,3.53258977725932
0.315,3.60342801720945,3.52321299874842,3.56332050797894,3.58784760219642,3.51936411770887,3.55360585995264,3.57369829418881,3.50298644004559,3.5383423671172
0.32,3.60852216386468,3.52910123632966,3.56881170009717,3.59333879988288,3.52518477729588,3.55926178858938,3.57909823161477,3.50909168233539,3.54409495697508
0.325,3.6136163105199,3.53498947391091,3.5743028922154,3.59882999756933,3.53100543688289,3.56491771722611,3.58449816904074,3.51519692462518,3.54984754683296
0.33,3.61871045717513,3.54073722092768,3.5797238390514,3.60432119525579,3.5368260964699,3.57057364586284,3.5898981064667,3.52130216691498,3.55560013669084
0.335,3.62380460383035,3.54602501217001,3.58491480800018,3.60981239294224,3.54264675605691,3.57622957449957,3.59529804389267,3.52740740920477,3.56135272654872
0.34,3.62889875048558,3.55131280341235,3.59010577694897,3.6153035906287,3.54846741564391,3.58188550313631,3.60069798131863,3.53351265149457,3.5671053164066
0.345,3.6339928971408,3.55660059465469,3.59529674589775,3.62079478831515,3.55428807523092,3.58754143177304,3.6060979187446,3.53961789378436,3.57285790626448
0.35,3.63908704379603,3.56188838589703,3.60048771484653,3.62628598600161,3.55985788168133,3.59307193384147,3.6115500707147,3.54572313607416,3.57863660339443
0.355,3.64418119045126,3.56717617713937,3.60567868379531,3.6314934486243,3.56447055859685,3.59798200361057,3.61705078361083,3.55179483435383,3.58442280898233
0.36,3.64927533710648,3.57246396838171,3.6108696527441,3.6366651903654,3.56908323551236,3.60287421293888,3.62255149650696,3.5570033441088,3.58977742030788
0.365,3.65458577133772,3.57775175962405,3.61616876548088,3.64183693210651,3.57369591242788,3.60776642226719,3.62805220940309,3.56221185386378,3.59513203163343
0.37,3.65998017838473,3.58303955086638,3.62150986462556,3.64700867384761,3.57830858934339,3.6126586315955,3.63355292229922,3.56742036361875,3.60048664295899
0.375,3.66537458543174,3.58832734210872,3.62685096377023,3.65218041558871,3.58292126625891,3.61755084092381,3.63905363519535,3.57262887337373,3.60584125428454
0.38,3.67076899247874,3.59361513335106,3.6321920629149,3.65735215732982,3.58753394317442,3.62244305025212,3.64455434809148,3.5778373831287,3.61119586561009
0.385,3.67616339952575,3.59863896045395,3.63740117998985,3.66252389907092,3.59214662008994,3.62733525958043,3.65005506098761,3.58304589288368,3.61655047693564
0.39,3.68155780657276,3.60363613974981,3.64259697316128,3.66769564081203,3.59675929700545,3.63222746890874,3.65555577388374,3.58825440263866,3.6219050882612
0.395,3.68695221361976,3.60863331904567,3.64779276633272,3.67286738255313,3.60137197392097,3.63711967823705,3.66105648677987,3.59346291239363,3.62725969958675
0.4,3.69234662066677,3.61363049834153,3.65298855950415,3.67803912429424,3.60622973459868,3.64213442944646,3.66667054747459,3.59867142214861,3.6326709848116
0.405,3.69774102771378,3.61862767763739,3.65818435267558,3.68357657383099,3.61212030801942,3.64784844092521,3.67236268053513,3.60390910692884,3.63813589373198
0.41,3.70313543476078,3.62362485693325,3.66338014584702,3.68916760230263,3.61801088144016,3.6535892418714,3.67805481359566,3.60937964469558,3.64371722914562
0.415,3.70841126386578,3.62862203622911,3.66851665004745,3.69475863077426,3.6239014548609,3.65933004281758,3.68374694665619,3.61485018246232,3.64929856455926
0.42,3.71350533983484,3.63361921552497,3.67356227767991,3.70034965924589,3.62979202828164,3.66507084376377,3.68943907971673,3.62032072022906,3.65487989997289
0.425,3.7185994158039,3.63861639482083,3.67860790531237,3.70594068771753,3.63568260170238,3.67081164470995,3.69513121277726,3.62579125799579,3.66046123538653
0.43,3.72369349177296,3.64361357411669,3.68365353294483,3.71153171618916,3.64157317512312,3.67655244565614,3.7008233458378,3.63126179576253,3.66604257080017
0.435,3.72878756774203,3.65000981847919,3.68939869311061,3.71712274466079,3.64746374854386,3.68229324660232,3.70651547889833,3.63673233352927,3.6716239062138
0.44,3.73388164371109,3.6574089116419,3.69564527767649,3.72271377313243,3.65335432196459,3.68803404754851,3.71220761195887,3.64220287129601,3.67720524162744
0.445,3.73897571968015,3.6648080048046,3.70189186224237,3.72830480160406,3.65924489538533,3.6937748484947,3.7178997450194,3.64767340906275,3.68278657704108
0.45,3.74406979564921,3.6722070979673,3.70813844680826,3.73389583007569,3.66538467611428,3.69964025309499,3.72384018654533,3.65314394682949,3.68849206668741
0.455,3.74916387161827,3.67960619113001,3.71438503137414,3.73888857674352,3.67269293970333,3.70579075822343,3.72990506493029,3.65894891474235,3.69442698983632
0.46,3.75425794758733,3.68700528429271,3.72063161594002,3.74378081485691,3.68000120329239,3.71189100907465,3.73596994331526,3.66622284385825,3.70109639358675
0.465,3.75930918762927,3.69440437745542,3.72685678254234,3.7486730529703,3.68730946688145,3.71799125992588,3.74203482170022,3.67349677297414,3.70776579733718
0.47,3.7637833918227,3.70180347061812,3.73279343122041,3.7535652910837,3.69461773047051,3.7240915107771,3.74809970008518,3.68077070209004,3.71443520108761
0.475,3.76825759601614,3.70920256378083,3.73873007989848,3.75845752919709,3.70192599405956,3.73019176162832,3.75416457847014,3.68804463120594,3.72110460483804
0.48,3.77273180020957,3.71660165694353,3.74466672857655,3.76334976731048,3.70923425764862,3.73629201247955,3.7602294568551,3.69531856032184,3.72777400858847
0.485,3.777206004403,3.72390122542084,3.75055361491192,3.76824200542387,3.71654252123768,3.74239226333077,3.76629433524007,3.70259248943774,3.7344434123389
0.49,3.78168020859644,3.73091289657746,3.75629655258695,3.77313424353726,3.72385078482673,3.748492514182,3.77235921362503,3.70986641855363,3.74111281608933
0.495,3.78615441278987,3.73792456773408,3.76203949026197,3.77802648165065,3.73115904841579,3.75459276503322,3.77842409200999,3.71714034766953,3.74778221983976
0.5,3.7906286169833,3.74493623889069,3.767782427937,3.78291871976404,3.73838120710474,3.76064996343439,3.78337793532168,3.72441427678543,3.75389610605356
0.505,3.79510282117674,3.75194791004731,3.77352536561202,3.78736624796184,3.74515038833734,3.76625831814959,3.78794173617484,3.73147370653442,3.75970772135463
0.51,3.79957702537017,3.75895958120393,3.77926830328705,3.79172925983081,3.75191956956994,3.77182441470037,3.79250553702799,3.73792132047503,3.76521342875151
0.515,3.8040512295636,3.76597125236055,3.78501124096207,3.79609227169978,3.75868875080254,3.77739051125116,3.79706933788115,3.74436893441564,3.77071913614839
0.52,3.80818721242842,3.77298292351716,3.79058506797279,3.80045528356875,3.76545793203513,3.78295660780194,3.8016331387343,3.75081654835625,3.77622484354527
0.525,3.81220635680189,3.77999459467378,3.79610047573784,3.80481829543772,3.77222711326773,3.78852270435273,3.80619693958746,3.75726416229686,3.78173055094216
0.53,3.81622550117536,3.7870062658304,3.80161588350288,3.80918130730669,3.77899629450033,3.79408880090351,3.81076074044062,3.76371177623747,3.78723625833904
0.535,3.82024464554883,3.79401793698701,3.80713129126792,3.81354431917566,3.78576547573293,3.7996548974543,3.81532454129377,3.77015939017807,3.79274196573592
0.54,3.8242637899223,3.79913561267398,3.81169970129814,3.81790733104463,3.79253465696553,3.80522099400508,3.81988834214693,3.77660700411868,3.79824767313281
0.545,3.82828293429577,3.80411345988385,3.81619819708981,3.8222703429136,3.79930383819813,3.81078709055586,3.82445214300008,3.78305461805929,3.80375338052969
0.55,3.83230207866924,3.80909130709373,3.82069669288148,3.82663335478257,3.80578886814798,3.81621111146528,3.82854014494352,3.7895022319999,3.80902118847171
0.555,3.83632122304271,3.8140691543036,3.82519518867316,3.83056025208093,3.81058124247456,3.82057074727774,3.8325195851185,3.79592975298944,3.81422466905397
0.56,3.84034036741618,3.81904700151348,3.82969368446483,3.83439418189787,3.81537361680113,3.8248838993495,3.83649902529349,3.80231710605786,3.81940806567567
0.565,3.84435951178965,3.82402484872335,3.8341921802565,3.83822811171482,3.8201659911277,3.82919705142126,3.84047846546848,3.80870445912627,3.82459146229738
0.57,3.84807526375117,3.82900269593323,3.8385389798422,3.84206204153177,3.82495836545427,3.83351020349302,3.84445790564346,3.81509181219469,3.82977485891908
0.575,3.85136800689237,3.83398054314311,3.84267427501774,3.84589597134872,3.82975073978084,3.83782335556478,3.84843734581845,3.82147916526311,3.83495825554078
0.58,3.85466075003358,3.83895839035298,3.84680957019328,3.84972990116567,3.83454311410741,3.84213650763654,3.85241678599344,3.82786651833153,3.84014165216248
0.585,3.85795349317478,3.84393623756286,3.85094486536882,3.85356383098262,3.83933548843399,3.8464496597083,3.85639622616842,3.83425387139994,3.84532504878418
0.59,3.86124623631598,3.84771195666559,3.85447909649079,3.85739776079956,3.84412786276056,3.85076281178006,3.86037566634341,3.84064122446836,3.85050844540589
0.595,3.86453897945719,3.85070445492371,3.85762171719045,3.86123169061651,3.84892023708713,3.85507596385182,3.8643551065184,3.84702857753678,3.85569184202759
0.6,3.86783172259839,3.85369695318183,3.86076433789011,3.86506562043346,3.85348798266229,3.85927680154788,3.86758292033651,3.8534159306052,3.86049942547085
0.605,3.8711244657396,3.85668945143995,3.86390695858977,3.86842332883324,3.85652311734692,3.86247322309008,3.8707161269261,3.85851805057837,3.86461708875223
0.61,3.8744172088808,3.85968194969807,3.86704957928944,3.8716682056124,3.85955825203155,3.86561322882197,3.87384933351569,3.86175198719903,3.86780066035736
0.615,3.87770995202201,3.86267444795619,3.8701921999891,3.87491308239157,3.86259338671617,3.86875323455387,3.87698254010527,3.86498592381969,3.87098423196248
0.62,3.88101338143679,3.86566694621431,3.87334016382555,3.87815795917073,3.8656285214008,3.87189324028577,3.88011574669486,3.86821986044035,3.8741678035676
0.625,3.88442237075005,3.86865944447243,3.87654090761124,3.8814028359499,3.86866365608543,3.87503324601766,3.88324895328444,3.87145379706101,3.87735137517272
0.63,3.88783136006331,3.87165194273055,3.87974165139693,3.88464771272907,3.87169879077005,3.87817325174956,3.88638215987403,3.87468773368167,3.88053494677785
0.635,3.89124034937657,3.87464444098867,3.88294239518262,3.88789258950823,3.87473392545468,3.88131325748146,3.88951536646361,3.87792167030233,3.88371851838297
0.64,3.89464933868983,3.87779946618458,3.8862244024372,3.8911374662874,3.87776906013931,3.88445326321335,3.8926485730532,3.88115560692299,3.88690208998809
0.645,3.89805832800309,3.88137308377737,3.88971570589023,3.89438234306656,3.88080419482393,3.88759326894525,3.89578177964279,3.88438954354365,3.89008566159322
0.65,3.90146731731634,3.88494670137016,3.89320700934325,3.89762721984573,3.88394314137624,3.89078518061098,3.89990378489042,3.88762348016431,3.89376363252736
0.655,3.9048763066296,3.88852031896295,3.89669831279628,3.90176630707271,3.88790682189116,3.89483656448194,3.90406456183436,3.89124557190644,3.8976550668704
0.66,3.90828529594286,3.89209393655574,3.9001896162493,3.90613929182796,3.89187050240608,3.89900489711702,3.9082253387783,3.89528550283378,3.90175542080604
0.665,3.91169428525612,3.89566755414853,3.90368091970233,3.91051227658322,3.895834182921,3.90317322975211,3.91238611572224,3.89932543376112,3.90585577474168
0.67,3.91510327456938,3.89924117174132,3.90717222315535,3.91488526133847,3.89979786343591,3.90734156238719,3.91654689266618,3.90336536468847,3.90995612867732
0.675,3.92084246821144,3.90281478933411,3.91182862877278,3.91925824609372,3.90376154395083,3.91150989502228,3.92070766961012,3.90740529561581,3.91405648261296
0.68,3.9272923607456,3.9063884069269,3.91684038383625,3.92363123084897,3.90772522446575,3.91567822765736,3.92486844655406,3.91144522654315,3.9181568365486
0.685,3.93374225327976,3.90996202451969,3.92185213889973,3.92800421560423,3.91168890498067,3.91984656029245,3.92902922349799,3.9154851574705,3.92225719048425
0.69,3.94019214581392,3.91353564211248,3.9268638939632,3.93237720035948,3.91565258549559,3.92401489292753,3.93319000044193,3.91952508839784,3.92635754441989
0.695,3.94664203834808,3.91984409931389,3.93324306883098,3.93675018511473,3.91961626601051,3.92818322556262,3.93743985586766,3.92356501932519,3.93050243759642
0.7,3.95309193088224,3.92628440110902,3.93968816599563,3.94112316986998,3.92391777917004,3.93252047452001,3.94405879781473,3.92760495025253,3.93583187403363
0.705,3.9595418234164,3.93272470290416,3.94613326316028,3.94853565474091,3.93140579950956,3.93997072712524,3.9506777397618,3.93304443957222,3.94186108966701
0.71,3.96599171595056,3.93916500469929,3.95257836032493,3.95682238581699,3.93889381984908,3.94785810283303,3.95729668170887,3.93960304243845,3.94844986207366
0.715,3.97244160848472,3.94560530649443,3.95902345748958,3.96510911689306,3.9463818401886,3.95574547854083,3.96391562365595,3.94616164530467,3.95503863448031
0.72,3.97889150101888,3.95204560828956,3.96546855465422,3.97339584796913,3.95386986052812,3.96363285424862,3.97053456560302,3.95272024817089,3.96162740688696
0.725,3.98557604265324,3.9584859100847,3.97203097636897,3.9816825790452,3.96135788086764,3.97152022995642,3.97715350755009,3.95927885103712,3.9682161792936
0.73,3.99255858279542,3.96492621187984,3.97874239733763,3.98996931012128,3.96884590120716,3.97940760566422,3.98377244949716,3.96583745390334,3.97480495170025
0.735,3.9995411229376,3.97136651367497,3.98545381830629,3.99825604119735,3.97633392154668,3.98729498137201,3.99039139144424,3.97239605676957,3.9813937241069
0.74,4.00652366307978,3.97780681547011,3.99216523927495,4.00654277227342,3.9838219418862,3.99518235707981,3.99701033339131,3.97895465963579,3.98798249651355
0.745,4.01350620322197,3.98500172875432,3.99925396598814,4.01482950334949,3.99130996222572,4.0030697327876,4.00364260303441,3.98551326250202,3.99457793276821
0.75,4.02048874336415,3.9926428669496,4.00656580515687,4.02311623442557,3.9987286124448,4.01092242343518,4.01038250786293,3.99207186536824,4.00122718661559
0.755,4.02747128350633,4.00028400514488,4.0138776443256,4.02860082223131,4.00534797054731,4.01697439638931,4.01712241269146,3.99913166393762,4.00812703831454
0.76,4.03445382364851,4.00792514334016,4.02118948349433,4.03320347670697,4.01196732864982,4.0225854026784,4.02386231751999,4.00648609511886,4.01517420631943
0.765,4.04143636379069,4.01556628153543,4.02850132266306,4.03780613118263,4.01858668675234,4.02819640896748,4.03060222234851,4.0138405263001,4.02222137432431
0.77,4.04841890393288,4.02320741973071,4.03581316183179,4.04240878565828,4.02520604485485,4.03380741525657,4.03734212717704,4.02119495748134,4.02926854232919
0.775,4.05485788744209,4.03084855792599,4.04285322268404,4.04701144013394,4.03182540295736,4.03941842154565,4.04408203200557,4.02854938866258,4.03631571033408
0.78,4.057104718472,4.03848969612126,4.04779720729663,4.0516140946096,4.03844476105988,4.04502942783474,4.05082193683409,4.03590381984382,4.04336287833896
0.785,4.05935154950191,4.04613083431654,4.05274119190922,4.05621674908525,4.04506411916239,4.05064043412382,4.05756184166262,4.04325825102506,4.05041004634384
0.79,4.06159838053182,4.05377197251182,4.05768517652182,4.06081940356091,4.05168347726491,4.05625144041291,4.06430174649115,4.0506126822063,4.05745721434873
0.795,4.06384521156172,4.05957200433107,4.0617086079464,4.06542205803657,4.05830283536742,4.06186244670199,4.07002457243083,4.05796711338755,4.06399584290919
0.8,4.06609204259163,4.06113122512904,4.06361163386033,4.07002471251223,4.06457832641375,4.06730151946299,4.07124359164093,4.06532154456879,4.06828256810486
0.805,4.06833887362154,4.062690445927,4.06551465977427,4.07193603547539,4.06580636668067,4.06887120107803,4.07246261085103,4.06829413079168,4.07037837082135
0.81,4.07058570465145,4.06424966672497,4.06741768568821,4.07292446682429,4.06703440694759,4.06997943688594,4.07368163006113,4.06942249393292,4.07155206199702
0.815,4.07283253568135,4.06580888752293,4.06932071160214,4.0739128981732,4.06826244721451,4.07108767269385,4.07490064927122,4.07055085707416,4.07272575317269
0.82,4.07507936671126,4.0673681083209,4.07122373751608,4.0749013295221,4.06949048748142,4.07219590850176,4.07611966848132,4.07167922021541,4.07389944434836
0.825,4.07732619774117,4.06892732911886,4.07312676343002,4.07588976087101,4.07071852774834,4.07330414430968,4.07733868769142,4.07280758335665,4.07507313552403
0.83,4.07823562124429,4.07048654991683,4.07436108558056,4.07687819221992,4.07194656801526,4.07441238011759,4.07855770690152,4.07393594649789,4.0762468266997
0.835,4.07878765251695,4.07204577071479,4.07541671161587,4.07786662356882,4.07317460828218,4.0755206159255,4.07977672611162,4.07506430963913,4.07742051787537
0.84,4.07933968378961,4.07360499151276,4.07647233765118,4.07885505491773,4.0744026485491,4.07662885173341,4.08099574532171,4.07619267278038,4.07859420905105
0.845,4.07989171506227,4.07516421231072,4.0775279636865,4.07984348626663,4.07563068881601,4.07773708754132,4.08206128606956,4.07732103592162,4.07969116099559
0.85,4.08044374633493,4.07572988247499,4.07808681440496,4.08083191761554,4.07683055861495,4.07883123811525,4.08268591431461,4.07844939906286,4.08056765668874
0.855,4.08099577760759,4.07627221267037,4.07863399513898,4.08157294950145,4.07746954713291,4.07952124831718,4.08331054255966,4.07920940559468,4.08125997407717
0.86,4.08154780888025,4.07681454286575,4.079181175873,4.08222191012575,4.07810853565086,4.08016522288831,4.08393517080471,4.07986424638675,4.08189970859573
0.865,4.08209984015291,4.07735687306113,4.07972835660702,4.08287087075005,4.07874752416881,4.08080919745943,4.08455979904977,4.08051908717882,4.08253944311429
0.87,4.08265187142558,4.07789920325651,4.08027553734104,4.08351983137436,4.07938651268677,4.08145317203056,4.08518442729482,4.08117392797089,4.08317917763285
0.875,4.08320390269824,4.07844153345189,4.08082271807506,4.08416879199866,4.08002550120472,4.08209714660169,4.08580905553987,4.08182876876296,4.08381891215141
0.88,4.08394450441247,4.07898386364727,4.08146418402987,4.08481775262296,4.08066448972267,4.08274112117282,4.08643368378492,4.08248360955502,4.08445864666997
0.885,4.0849032686424,4.07952619384264,4.08221473124252,4.08546671324726,4.08130347824063,4.08338509574395,4.08705831202998,4.08313845034709,4.08509838118853
0.89,4.08586203287233,4.08006852403802,4.08296527845518,4.08611567387157,4.08194246675858,4.08402907031507,4.08768294027503,4.08379329113916,4.08573811570709
0.895,4.08682079710226,4.0806108542334,4.08371582566783,4.08676463449587,4.08258145527653,4.0846730448862,4.08856869890114,4.08444813193123,4.08650841541618
0.9,4.08777956133218,4.08166405747922,4.0847218094057,4.08741359512017,4.08324983127735,4.08533171319876,4.08997913711193,4.0851029727233,4.08754105491761
0.905,4.08873832556211,4.08299085567115,4.08586459061663,4.08873149278333,4.08480735104616,4.08676942191475,4.09138957532272,4.08662459601784,4.08900708567028
0.91,4.08969708979204,4.08431765386307,4.08700737182756,4.09031896471907,4.08636487081497,4.08834191776702,4.0928000135335,4.08829698931597,4.09054850142474
0.915,4.09065585402197,4.085644452055,4.08815015303849,4.0919064366548,4.08792239058378,4.08991441361929,4.09421045174429,4.0899693826141,4.09208991717919
0.92,4.0916146182519,4.08697125024693,4.08929293424941,4.09349390859054,4.08947991035259,4.09148690947157,4.09562088995508,4.09164177591223,4.09363133293365
0.925,4.09257338248183,4.08829804843885,4.09043571546034,4.09508138052628,4.09103743012141,4.09305940532384,4.09703132816586,4.09331416921036,4.09517274868811
0.93,4.09369235846632,4.08962484663078,4.09165860254855,4.09666885246201,4.09259494989022,4.09463190117612,4.09844176637665,4.09498656250849,4.09671416444257
0.935,4.09581350727207,4.09095164482271,4.09338257604739,4.09825632439775,4.09415246965903,4.09620439702839,4.09985220458744,4.09665895580662,4.09825558019703
0.94,4.09793465607782,4.09227844301463,4.09510654954623,4.09984379633349,4.09570998942784,4.09777689288066,4.10126264279822,4.09833134910475,4.09979699595149
0.945,4.10005580488358,4.09360524120656,4.09683052304507,4.10143126826922,4.09726750919665,4.09934938873294,4.10412455691387,4.10000374240288,4.10206414965837
0.95,4.10217695368933,4.09651197596588,4.0993444648276,4.10301874020496,4.09891327046722,4.10096600533609,4.1091072947578,4.10167613570101,4.10539171522941
0.955,4.10447778380677,4.10269077836929,4.10358428108803,4.10649323734296,4.10596194342049,4.10622759038173,4.11409003260174,4.10885230770881,4.11147117015527
0.96,4.10755630114052,4.1088695807727,4.10821294095661,4.11078868855358,4.11301061637377,4.11189965246368,4.11907277044567,4.11646871796339,4.11777074420453
0.965,4.11504838317612,4.11504838317612,4.11504838317612,4.11508413976419,4.12005928932705,4.11757171454562,4.1240555082896,4.12408512821796,4.12407031825378
0.97,4.12122718557953,4.12122718557953,4.12122718557953,4.1193795909748,4.12710796228033,4.12324377662757,4.12903824613354,4.13170153847254,4.13036989230304
0.975,4.12740598798294,4.12740598798294,4.12740598798294,4.12367504218542,4.13415663523361,4.12891583870951,4.13402098397747,4.13931794872712,4.13666946635229
0.98,4.13358479038635,4.13358479038635,4.13358479038635,4.14120530818689,4.14120530818689,4.14120530818689,4.13900372182141,4.14693435898169,4.14296904040155
0.985,4.13976359278976,4.13976359278976,4.13976359278976,4.14825398114017,4.14825398114017,4.14825398114017,4.15455076923627,4.15455076923627,4.15455076923627
0.99,4.14594239519318,4.14594239519318,4.14594239519318,4.15530265409344,4.15530265409344,4.15530265409344,4.16216717949085,4.16216717949085,4.16216717949085
0.995,4.15212119759659,4.15212119759659,4.15212119759659,4.16235132704672,4.16235132704672,4.16235132704672,4.16978358974542,4.16978358974542,4.16978358974542
1,4.1583,4.1583,4.1583,4.1694,4.1694,4.1694,4.1774,4.1774,4.1774
