SOCbp,OCV_V_15C,R0_ohm_15C,R1_ohm_15C,C1_F_15C,tau1_s_15C,R2_ohm_15C,C2_F_15C,tau2_s_15C,OCV_V_45C,R0_ohm_45C,R1_ohm_45C,C1_F_45C,tau1_s_45C,R2_ohm_45C,C2_F_45C,tau2_s_45C
0.0,3.0144,0.00295523377237883,0.0009860449232887644,353.1295513100528,0.3482016013325168,0.004867319316824695,4237.189138605828,20.623752543375936,2.8826,0.001892487001892881,0.0002598115194176811,1164.0103375622998,0.302423294419949,0.008858151906989043,3903.0016718796874,34.57338170274247
0.005,3.022351953145768,0.00295523377237883,0.0009860449232887644,353.1295513100528,0.3482016013325168,0.004867319316824695,4237.189138605828,20.623752543375936,2.917971935986054,0.001892487001892881,0.0002598115194176811,1164.0103375622998,0.302423294419949,0.008858151906989043,3903.0016718796874,34.57338170274247
0.01,3.0393309120429204,0.00295523377237883,0.0009860449232887644,353.1295513100528,0.3482016013325168,0.004867319316824695,4237.189138605828,20.623752543375936,2.94161003185644,0.001892487001892881,0.0002598115194176811,1164.0103375622998,0.302423294419949,0.008858151906989043,3903.0016718796874,34.57338170274247
0.015,3.0563098709400727,0.00295523377237883,0.0009860449232887644,353.1295513100528,0.3482016013325168,0.004867319316824695,4237.189138605828,20.623752543375936,2.9583843462215174,0.001892487001892881,0.0002598115194176811,1164.0103375622998,0.302423294419949,0.008858151906989043,3903.0016718796874,34.57338170274247
0.02,3.0720916673298446,0.00295523377237883,0.0009860449232887644,353.1295513100528,0.3482016013325168,0.004867319316824695,4237.189138605828,20.623752543375936,2.9751586605865943,0.001892487001892881,0.0002598115194176811,1164.0103375622998,0.302423294419949,0.008858151906989043,3903.0016718796874,34.57338170274247
0.025,3.082696321531042,0.00295523377237883,0.0009860449232887644,353.1295513100528,0.3482016013325168,0.004867319316824695,4237.189138605828,20.623752543375936,2.991932974951671,0.001892487001892881,0.0002598115194176811,1164.0103375622998,0.302423294419949,0.008858151906989043,3903.0016718796874,34.57338170274247
0.03,3.0933009757322396,0.00295523377237883,0.0009860449232887644,353.1295513100528,0.3482016013325168,0.004867319316824695,4237.189138605828,20.623752543375936,3.008707289316748,0.001892487001892881,0.0002598115194176811,1164.0103375622998,0.302423294419949,0.008858151906989043,3903.0016718796874,34.57338170274247
0.035,3.103905629933437,0.00295523377237883,0.0009860449232887644,353.1295513100528,0.3482016013325168,0.004867319316824695,4237.189138605828,20.623752543375936,3.025481603681825,0.001892487001892881,0.0002598115194176811,1164.0103375622998,0.302423294419949,0.008858151906989043,3903.0016718796874,34.57338170274247
0.04,3.1145102841346346,0.00295523377237883,0.0009860449232887644,353.1295513100528,0.3482016013325168,0.004867319316824695,4237.189138605828,20.623752543375936,3.0422559180469024,0.0018844677967077138,0.0002501096675879769,1221.8527596888773,0.30559718756723736,0.008473295180945285,3984.6261445788923,33.76291350872892
0.045,3.125114938335832,0.00295523377237883,0.0009860449232887644,353.1295513100528,0.3482016013325168,0.004867319316824695,4237.189138605828,20.623752543375936,3.0590302324119794,0.0018761195368285318,0.00024000971646894343,1287.036711115461,0.30890131611994326,0.008072646501795986,4077.8682800490874,32.91918910572308
0.05,3.1357195925370296,0.00295523377237883,0.0009860449232887644,353.1295513100528,0.3482016013325168,0.004867319316824695,4237.189138605828,20.623752543375936,3.0758045467770563,0.0018677712769493498,0.00022990976534990992,1357.9477330921104,0.3122054446726492,0.007671997822646683,4180.849036222987,32.07546470271724
0.055,3.1463242467382275,0.00295523377237883,0.0009860449232887644,353.1295513100528,0.3482016013325168,0.004867319316824695,4237.189138605828,20.623752543375936,3.092578861142133,0.0018594230170701678,0.00021980981423087642,1435.3752780754403,0.3155095732253551,0.007271349143497382,4295.178196420578,31.231740299711404
0.06,3.156928900939425,0.00295523377237883,0.0009860449232887644,353.1295513100528,0.3482016013325168,0.004867319316824695,4237.189138605828,20.623752543375936,3.1053957919410338,0.0018510747571909858,0.00020970986311184294,1520.2608835237788,0.31881370177806106,0.006870700464348081,4422.841026819367,30.388015896705564
0.065,3.1675335551406225,0.00295523377237883,0.0009860449232887644,353.1295513100528,0.3482016013325168,0.004867319316824695,4237.189138605828,20.623752543375936,3.1155006372553395,0.0018427264973118038,0.00019960991199280943,1613.7366482200075,0.32211783033076696,0.00647005178519878,4566.314532642034,29.544291493699724
0.07,3.17813820934182,0.00295523377237883,0.0009860449232887644,353.1295513100528,0.3482016013325168,0.004867319316824695,4237.189138605828,20.623752543375936,3.125605482569645,0.0018343782374326217,0.00018950996087377592,1717.176012189786,0.3254219588834729,0.006069403106049479,4728.729759617966,28.700567090693887
0.075,3.18593738105777,0.00295523377237883,0.0009860449232887644,353.1295513100528,0.3482016013325168,0.004867319316824695,4237.189138605828,20.623752543375936,3.1357103278839507,0.0018260299775534397,0.00017941000975474244,1832.2616886624935,0.3287260874361788,0.005668754426900178,4914.102921004622,27.856842687688047
0.08,3.193288003140519,0.00295523377237883,0.0009860449232887644,353.1295513100528,0.3482016013325168,0.004867319316824695,4237.189138605828,20.623752543375936,3.145815173198256,0.0018176817176742577,0.00016931005863570894,1961.0779103401526,0.33203021598888477,0.005268105747750877,5127.671990300303,27.013118284682207
0.085,3.200638625223268,0.00295523377237883,0.0009860449232887644,353.1295513100528,0.3482016013325168,0.004867319316824695,4237.189138605828,20.623752543375936,3.1559200185125618,0.0018093482516515999,0.00015950293161896397,2102.9727585888777,0.33543032010974577,0.004877495586184222,5370.489014972297,26.194536466178228
0.09,3.207989247306017,0.00295523377237883,0.0009860449232887644,353.1295513100528,0.3482016013325168,0.004867319316824695,4237.189138605828,20.623752543375936,3.166024863826867,0.001801435678330014,0.00015802679842720672,2161.4117421220462,0.34156097769051835,0.004772486327478542,5467.019097368096,26.091273894253316
0.095,3.215339869388766,0.0029530155346437948,0.000974776804704685,357.2812207215002,0.3482694467158932,0.004811226681943136,4261.607943926187,20.503561847798498,3.176129709141173,0.0017935231050084282,0.0001565506652354495,2220.9527806756278,0.34769163527129093,0.004667477068772862,5567.8926622259705,25.9880113223284
0.1,3.2226904914715155,0.002946787160338784,0.0009431381488715306,369.46861241461835,0.34845994317885615,0.004653729620073385,4333.317943398116,20.166090066387294,3.186234554455478,0.001785610531686842,0.00015507453204369228,2281.6273451811803,0.3538222928520635,0.0045624678100671815,5673.409616893788,25.884748750403485
0.105,3.2300411135542646,0.0029405587860337735,0.0009114994930383764,382.5020664352033,0.34865043964181913,0.004496232558203634,4410.051755173927,19.828618284976088,3.196339399769784,0.0017776979583652563,0.00015359839885193503,2343.468116355963,0.3599529504328361,0.004457458551361502,5783.898129709761,25.78148617847857
0.11,3.2373917356370137,0.0029343304117287624,0.000879860837205222,396.47285269888323,0.34884093610478206,0.004338735496333882,4492.356475759906,19.491146503564885,3.2045479539429875,0.0017697853850436704,0.0001521222656601778,2406.5090433993,0.3660836080136087,0.004352449292655821,5899.718039192838,25.678223606553654
0.115,3.2447423577197627,0.0029281020374237517,0.0008482221813720677,411.48585857912667,0.349031432567745,0.004181238434464131,4580.861632830662,19.153674722153678,3.2118116022941323,0.0017618728117220846,0.00015064613246842056,2470.7854061398307,0.37221426559438126,0.004247440033950141,6021.264768944576,25.57496103462874
0.12,3.2520929798025118,0.002921873663118741,0.0008165835255389135,427.66222695986306,0.3492219290307079,0.00402374137259438,4676.295317810247,18.816202940742475,3.2190752506452776,0.0017539602384004987,0.00014916999927666334,2536.333880872676,0.37834492317515384,0.004142430775244461,6148.973837999898,25.471698462703827
0.125,3.2593293468141384,0.0029156452888137304,0.0007849448697057591,445.14263227766565,0.3494124254936709,0.0038662443107246288,4779.50426155762,18.478731159331268,3.2263388989964223,0.0017460476650789127,0.00014769386608490611,2603.1926101446857,0.3844755807559264,0.004037421516538781,6283.326075035851,25.368435890778912
0.13,3.26646700474044,0.00290941691450872,0.0007533062138726047,464.0913821212112,0.34960292195663384,0.0037087472488548773,4891.479025301983,18.141259377920065,3.2336025473475676,0.0017381350917573268,0.00014621773289314887,2671.4012767667605,0.390606238336699,0.003932412257833101,6424.853668006825,25.265173318853996
0.135,3.2736046626667417,0.0029031885402037087,0.0007216675580394503,484.70159774104064,0.34979341841959677,0.003551250186985126,5013.3858948483685,17.80378759650886,3.2408661956987124,0.0017304231787147791,0.00014486764647446903,2738.063384870637,0.3966567984641275,0.0038349724149507936,6568.9551061596785,25.19176162717253
0.14,3.280742320593043,0.002896960165898698,0.000690028902206296,507.2018197549732,0.34998391488255975,0.003393753125115375,5146.607655647865,17.466315815097655,3.2481298440498576,0.0017243791451960486,0.000144565255358849,2781.038853633035,0.40204159203834045,0.0038004492276197213,6674.597563669715,25.36646915552104
0.145,3.2878799785193444,0.0028907193247882934,0.0006588798117789461,531.5228896921091,0.3502097015165383,0.003239878473770434,5290.446263069694,17.14040296435874,3.2553934924010024,0.0017183351116773183,0.000144262864243229,2824.194485183847,0.40742638561255334,0.0037659260402886493,6782.176922920102,25.541176683869555
0.15,3.295017636445646,0.0028840755585224707,0.0006435533969279618,546.304413136424,0.3515760608306823,0.0032030795509368224,5366.108655741996,17.188072903312268,3.2626571407521476,0.0017122910781585878,0.00014396047312760897,2867.5314148269267,0.4128111791867663,0.003731402852957577,6891.746944941954,25.71588421221807
0.155,3.3021552943719477,0.002877431792256648,0.0006282269820769774,561.8071655852247,0.3529424201448264,0.003166280628103211,5443.529764634611,17.2357428422658,3.2699207891032924,0.0017062470446398573,0.00014365808201198896,2911.0507874250943,0.41819597276097925,0.003696879665626504,7003.363398948759,25.890591740566585
0.16,3.3092929522982493,0.002870788025990825,0.000612900567225993,578.0852529841552,0.35430877945897044,0.0031294817052695996,5522.771630879496,17.283412781219333,3.277139750885113,0.0017002030111211268,0.00014335569089636894,2954.7537575009596,0.4235807663351922,0.0036623564782954318,7117.0841569869945,26.0652992689151
0.165,3.316430610224551,0.0028641442597250022,0.0005975741523750087,595.1983320555504,0.35567513877311446,0.003092682782435988,5603.8992484453365,17.331082720172866,3.2843431167038037,0.0016941589776023965,0.00014305329978074892,2998.6414893390124,0.42896555990940516,0.0036278332909643594,7232.969293991024,26.240006797263614
0.17,3.3235682681508525,0.0028575004934591796,0.0005822477375240244,613.2123408595065,0.35704149808725855,0.0030558838596023764,5686.980741927697,17.378752659126395,3.2915464825224947,0.001688114944083666,0.0001427509086651289,3042.7151570890205,0.4343503534836181,0.003593310103633287,7351.081193605735,26.41471432561213
0.17500000000000002,3.330812170222858,0.0028508567271933564,0.00056692132267304,632.2003478569226,0.3584078574014026,0.003019084936768765,5772.0875573414305,17.426422598079927,3.298749848341186,0.0016820709105649354,0.00014244851754950888,3086.9759448707377,0.43973514705783107,0.0035587869163022146,7471.484660168581,26.589421853960644
0.18,3.3384533949445094,0.0028442129609275338,0.0005515949078220558,652.2435425230749,0.3597742167155466,0.0029822860139351536,5859.294667038403,17.47409253703346,3.305953214159877,0.0016760268770462051,0.00014214612643388886,3131.425046879952,0.445119940632044,0.0035242637289711423,7594.247037273387,26.764129382309157
0.185,3.346094619666161,0.002837569194661711,0.0005362684929710714,673.4323958300719,0.3611405760296907,0.002945487091101542,5948.680789985831,17.52176247598699,3.313156579978568,0.0016702955103339234,0.00014189950346518254,3177.108584526771,0.45083013059931776,0.0034917963705716508,7719.821057965571,26.95604315166678
0.19,3.3537358443878125,0.002830925428395888,0.000520942078120087,695.8680255816655,0.3625069353438347,0.002908688168267931,6040.328628765588,17.569432414940522,3.320359945797259,0.0016659806900949801,0.0001419055397817151,3227.6015405998933,0.4580145388191231,0.003468643007654749,7849.15318728203,27.225910319076796
0.195,3.361377069109464,0.0028242816621300653,0.0005056156632691027,719.6638100673621,0.3638732946579788,0.0028718892454343194,6134.325124794218,17.617102353894055,3.32756331161595,0.0016616658698560371,0.00014191157609824766,3278.0902011606418,0.4651989470389284,0.0034454896447378472,7980.2235158303165,27.495777486486812
0.2,3.369018293831116,0.0028180322674456588,0.0004945493175138616,736.282622600106,0.3641280685041986,0.002834009833930396,6204.655197243222,17.58405384513463,3.334766677434641,0.0016573510496170941,0.0001419176124147802,3328.5745667571337,0.47238335525873376,0.0034223362818209453,8113.067322280608,27.76564465389683
0.20500000000000002,3.3766595185527675,0.002811948784132142,0.0004852751746887133,749.9151397989548,0.36391520046764864,0.0027956758629070506,6265.764737623388,17.517047239627836,3.341970043253332,0.001653036229378151,0.00014192364873131274,3379.054637937388,0.4795677634785391,0.0033991829189040437,8247.720846498602,28.035511821306844
0.21,3.384300743274419,0.0028058653008186255,0.00047600103186356505,764.0788739620754,0.36370233243109873,0.0027573418918837053,6328.573429898415,17.450040634121045,3.3497237475145454,0.0016487214091392079,0.0001419296850478453,3429.5304152493363,0.4867521716983444,0.0033760295559871418,8384.221322505704,28.30537898871686
0.215,3.3919419679960705,0.0027997818175051086,0.00046672688903841677,778.8054918872042,0.36348946439454877,0.00271900792086036,6393.1531406182285,17.38303402861425,3.3576020687257455,0.0016444065889002649,0.00014193572136437786,3480.0018992408122,0.4939365799181497,0.00335287619307024,8522.607012804854,28.575246156126873
0.22,3.3995831927177225,0.0027936983341915918,0.0004574527462132685,794.1292283523337,0.36327659635799886,0.0026806739498370148,6459.579847135186,17.31602742310746,3.365480389936946,0.0016400917686613219,0.0001419417576809104,3530.4690904595604,0.501120988137955,0.0033297228301533382,8662.917244138467,28.845113323536893
0.225,3.407224417439374,0.0027876148508780754,0.0004481786033881202,810.0871518113008,0.3630637283214489,0.0026423399788136695,6527.933935793136,17.24902081760067,3.3733587111481462,0.0016357769484223789,0.00014194779399744295,3580.931989453228,0.5083053963577604,0.0033065694672364367,8805.192444748669,29.114980490946905
0.23,3.4141538055739504,0.0027815313675645585,0.0004389044605629719,826.7194637745972,0.362850860284899,0.002604006007790324,6598.3005264546155,17.182014212093875,3.381237032359347,0.0016314621281834356,0.0001419538303139755,3631.3905967693727,0.5154898045775658,0.0032834161043195347,8949.47418321405,29.384847658356925
0.23500000000000001,3.4209910706421827,0.0027754478842510416,0.00042963031773782365,844.0698369653795,0.36263799224834903,0.0025656720367669785,6670.769826120812,17.115007606587085,3.3891153535705474,0.0016273656508389988,0.0001418070401335931,3675.2628356111695,0.5211781444310163,0.003250008867741575,9079.682505835402,29.509048660243106
0.24,3.4278283357104153,0.0027693644009375252,0.0004203561749126755,862.1857982390507,0.3624251242117991,0.0025273380657436333,6745.4375147331775,17.04800100108029,3.3969936747817475,0.0016239091471059123,0.0001412123080801222,3699.9709335616294,0.5224814353576022,0.0031865470302477623,9165.499454525623,29.20629506755611
0.245,3.4346656007786476,0.0027632809176240084,0.0004110820320875272,881.119163335573,0.36221225617524916,0.002489004094720288,6822.405166626216,16.9809943955735,3.404871995992948,0.0016204526433728256,0.0001406175760266513,3724.8880338039326,0.5237847262841882,0.0031230851927539485,9254.804045028903,28.90354147486911
0.25,3.4415028658468803,0.002757561333113872,0.0004034542735801247,898.4264210779436,0.36247397908119294,0.0024549886916802846,6892.072392186725,16.919959785060296,3.4127503172041482,0.0016169961396397391,0.00014002284397318036,3750.0167994827198,0.525088017210774,0.003059623355260135,9347.813296369093,28.60078788218211
0.255,3.4483401309151125,0.0027524409084952223,0.000398537289167063,912.1282412520934,0.36351711664133013,0.0024280838168976933,6947.354105038588,16.868758072701954,3.420628638415349,0.0016135396359066526,0.00013942811191970946,3775.3599391813154,0.5263913081373599,0.002996161517766322,9444.762614330508,28.29803428949511
0.26,3.455177395983345,0.002747320483876572,0.0003936203047540013,926.1723793169269,0.36456025420146726,0.0024011789421151024,7003.874665638079,16.81755636034361,3.4277273363701806,0.001610083132173566,0.00013883337986623855,3800.920207894978,0.5276945990639459,0.0029326996802725084,9545.907780849477,27.995280696808113
0.265,3.4620146610515774,0.0027422000592579225,0.00038870332034093966,940.5718259389351,0.36560339176160445,0.0023742740673325115,7061.676189228739,16.766354647985267,3.4347290830376767,0.0016066266284404794,0.00013823864781276762,3826.7004080292654,0.5289978899905318,0.002869237842778695,9651.527207414238,27.692527104121112
0.27,3.46885192611981,0.0027370796346392725,0.00038378633592787796,955.3402375186246,0.3666465293217416,0.0023473691925499206,7120.802721905641,16.71515293562692,3.4417308297051727,0.0016031701247073927,0.00013764391575929672,3852.7033904242894,0.5303011809171178,0.0028057760052848813,9761.924494273064,27.389773511434115
0.275,3.4756891911880428,0.002731959210020623,0.00037886935151481627,970.4919793901557,0.36768966688187876,0.0023204643177673293,7181.300352552742,16.66395122326858,3.4487325763726693,0.0015997136209743063,0.00013704918370582582,3878.9320554056367,0.5316044718437036,0.002742314167791068,9877.43134498907,27.087019918747114
0.28,3.481995335679738,0.0027268387854019727,0.0003739523671017546,986.0421724290933,0.3687328044420159,0.0022935594429847384,7243.217332658763,16.612749510910234,3.4557343230401654,0.0015962571172412196,0.00013645445165235488,3905.389353862775,0.5329077627702895,0.0026788523302972546,9998.410895268737,26.784266326060116
0.28500000000000003,3.4878835732609788,0.002721718360783323,0.00036903538268869294,1002.0067433861344,0.3697759420021531,0.0022666545682021476,7306.6042046663015,16.561547798551892,3.4627360697076615,0.0015933211827601776,0.00013606880867283373,3923.885756884477,0.5339184603075713,0.002625936807775356,10111.709529444031,26.552710242899906
0.29,3.4937718108422193,0.002716597936164673,0.0003641183982756313,1018.4024792990181,0.3708190795622902,0.0022397496934195567,7371.513939571631,16.51034608619355,3.469737816375158,0.0015914528266291984,0.00013611196352896428,3925.658673340428,0.5343291101728747,0.0025946495652426124,10200.670515637898,26.467165318583007
0.295,3.4996600484234603,0.0027114775115460233,0.0003592014138625696,1035.2470863733897,0.37186221712242734,0.0022128448186369658,7438.002084562557,16.459144373835205,3.476739563042654,0.0015895844704982194,0.00013615511838509483,3927.4304659318423,0.5347397600381781,0.0025633623227098684,10291.803137051915,26.381620394266108
0.3,3.5055482860047014,0.0027065286161309277,0.00035445033938807626,1052.1620181083338,0.37293918440974216,0.0021862157931725437,7504.291258752921,16.406000066452304,3.48374130971015,0.0015877161143672404,0.00013619827324122538,3929.201135727018,0.5351504099034815,0.0025320750801771244,10385.18789423485,26.29607546994921
0.305,3.511436523585942,0.002704733450769059,0.0003527496793535113,1062.0509835394155,0.3746381439006101,0.002164658523810551,7537.973816236683,16.31713927357748,3.4907430563776467,0.0015858477582362611,0.0001362414280973559,3930.9706837929048,0.535561059768785,0.00250078783764438,10480.90931629024,26.21053054563231
0.31,3.517324761167183,0.0027029382854071907,0.0003510490193189463,1072.0357633289846,0.3763371033914781,0.002143101254448558,7572.333993560355,16.228278480702656,3.496881197755798,0.0015839794021052821,0.00013628458295348645,3932.7391111950938,0.5359717096340884,0.002469500595111636,10579.056216074492,26.12498562131541
0.315,3.5232129987484235,0.002701143120045322,0.00034934835928438136,1082.1177567764444,0.3780360628823461,0.0021215439850865644,7607.392446859547,16.139417687827834,3.5029864400455932,0.0015821110459743031,0.000136327737809617,3934.5064189978343,0.5363823594993918,0.002438213352578892,10679.72196504324,26.03944069699851
0.32,3.5291012363296645,0.0026993479546834533,0.00034764769924981633,1092.2983905621652,0.37973502237321405,0.0020999867157245715,7643.170680446418,16.05055689495301,3.5090916823353884,0.001580242689843324,0.00013637089266574755,3936.272608264024,0.5367930093646953,0.002406926110046148,10783.004789533816,25.953895772681612
0.325,3.534989473910905,0.002697552789321585,0.00034594703921525137,1102.5791194205028,0.381433981864082,0.0020784294463625785,7679.691090795725,15.961696102078186,3.515196924625184,0.0015783743337123449,0.0001364140475218781,3938.037680055215,0.5372036592299987,0.002375638867513404,10889.008090460013,25.868350848364717
0.33,3.5407372209276757,0.002695757623959716,0.0003442463791806864,1112.9614268327655,0.38313294135494996,0.002056872177000585,7716.977013296849,15.872835309203364,3.521302166914979,0.0015765059775813659,0.00013645720237800865,3939.801635431621,0.5376143090953022,0.00234435162498066,10997.840788606325,25.782805924047818
0.335,3.5460250121700145,0.0026939624585978475,0.00034254571914612143,1123.4468257408241,0.384831900845818,0.002035314907638592,7755.052771976883,15.78397451632854,3.5274074092047742,0.001575732249579698,0.0001366515060117466,3935.8956516284306,0.5378460683001098,0.0023132014546943334,11094.225836391392,25.663179343448025
0.34,3.5513128034123533,0.002692167293235979,0.00034084505911155646,1134.0368592820846,0.38653086033668593,0.0020137576382765992,7793.943732417474,15.695113723453716,3.53351265149457,0.0015765925290310361,0.00013707143716455678,3923.5802832594236,0.537810788256888,0.002282255899168261,11169.9469541704,25.492677329551945
0.34500000000000003,3.5566005946546917,0.00269037212787411,0.00033914439907699144,1144.7331015465752,0.3882298198275539,0.001992200368914606,7833.676358107251,15.606252930578892,3.539617893784365,0.001577452808482374,0.00013749136831736695,3911.3401429850937,0.5377755082136663,0.002251310343642189,11247.74973257993,25.322175315655866
0.35000000000000003,3.5618883858970305,0.0026885769625122416,0.0003374437390424265,1155.5371583569267,0.38992877931842185,0.001970643099552613,7874.278270492977,15.517392137704068,3.54572313607416,0.0015783130879337118,0.00013791129947017712,3899.1745436111205,0.5377402281704444,0.002220364788116117,11327.721208864912,25.151673301759786
0.355,3.567176177139369,0.002697316146423233,0.0003367422816477565,1159.411550728237,0.39042289096099014,0.0019408800526969777,7892.74264410003,15.31886675900455,3.5517948343538266,0.0015791733673850496,0.00013833123062298726,3887.0828062876303,0.5377049481272227,0.002189419232590045,11409.953341056302,24.98117128786371
0.36,3.5724639683817077,0.0027100422993855547,0.00033641899568998126,1160.638979860204,0.3904609999632142,0.0019080113388407667,7902.907055547616,15.078836271789548,3.5570033441088023,0.0015800336468363876,0.00013875116177579743,3875.0642603829165,0.5376696680840009,0.0021584736770639728,11494.54336071215,24.81066927396763
0.365,3.5777517596240465,0.0027227684523478766,0.000336095709732206,1161.868770287427,0.3904991089654382,0.0018751426249845559,7913.427803763333,14.838805784574545,3.562211853863778,0.0015808939262877254,0.0001391710929286076,3863.1182433594627,0.5376343880407791,0.0021275281215379005,11581.594156443023,24.64016726007155
0.37,3.583039550866385,0.0027354946053101984,0.0003357724237744308,1163.1009288303617,0.3905372179676623,0.0018422739111283448,7924.323961369118,14.598775297359543,3.5674203636187536,0.0015817542057390633,0.00013959102408141777,3851.244100652185,0.5375991079975573,0.0020965825660118286,11671.214691402436,24.46966524617547
0.375,3.5883273421087236,0.0027482207582725203,0.0003354491378166556,1164.3354623357557,0.3905753269698863,0.001809405197272134,7935.6159868402265,14.35874481014454,3.5726288733737293,0.001582614485190401,0.00014001095523422794,3839.441185548882,0.5375638279543355,0.0020656370104857563,11763.520458304136,24.29916323227939
0.38,3.593615133351062,0.002760946911234842,0.00033512585185888034,1165.5723776767766,0.39061343597211035,0.0017765364834159232,7947.325852707558,14.118714322929538,3.577837383128705,0.0015834747646417391,0.0001404308863870381,3827.708859072815,0.5375285479111137,0.002034691454959684,11858.633975961435,24.128661218383314
0.385,3.5986389604539504,0.002773673064197164,0.00033480256590110515,1166.8116817531381,0.39065154497433435,0.0017436677695597121,7959.477188259892,13.878683835714535,3.5830458928836806,0.001585088516367374,0.00014107312118669032,3798.812707112791,0.5359103653960618,0.0019722638807152786,11961.344195433849,23.590927121457536
0.39,3.6036361397498102,0.002786399217159486,0.0003344792799433299,1168.0533814912305,0.3906896539765584,0.0017107990557035013,7972.095438696132,13.638653348499533,3.5882544026386562,0.0015875364056735458,0.00014196145903810307,3751.2985671921665,0.5325398178861455,0.001874983882805191,12078.31490286071,22.646645774309576
0.395,3.6086333190456705,0.0027991253701218077,0.00033415599398555466,1169.2974838442472,0.3907277629787824,0.0016779303418472903,7985.2080429831985,13.39862286128453,3.5934629123936315,0.001589984294979718,0.00014284979688951584,3704.3753781848486,0.5291692703762291,0.0017777038848951036,12208.087416337168,21.702364427161612
0.4,3.613630498341531,0.0028118515230841296,0.0003338327080277794,1170.543995792316,0.3907658719810065,0.0016450616279910795,7998.844633035767,13.158592374069528,3.598671422148607,0.0015924321842858901,0.0001437381347409286,3658.0321834146807,0.5257987228663126,0.0016804238869850162,12352.885031441323,20.75808308001365
0.405,3.6186276776373907,0.002820821274713926,0.0003350080418914389,1167.0065146334825,0.3909565673419158,0.0016114621970693143,8021.697058169106,12.926661565581643,3.6039091069288403,0.001594880073592062,0.00014462647259234134,3612.25829540187,0.5224281753563962,0.0015831438890749287,12515.47750624449,19.81380173286569
0.41000000000000003,3.623624856933251,0.0028241392293849106,0.00033843816543261817,1156.4205242808796,0.39137684070624734,0.0015767633456854459,8058.861455845732,12.7069173515348,3.609379644695579,0.0015973279628982342,0.00014551481044375412,3567.0432876460454,0.5190576278464798,0.0014858638911648412,12699.359946707495,18.869520385717728
0.41500000000000004,3.6286220362291113,0.0028274571840558953,0.0003418682889737974,1146.0469622574683,0.3917971140705789,0.0015420644943015776,8097.69836711244,12.487173137487956,3.6148501824623174,0.0015997758522044063,0.00014640314829516686,3522.376986708472,0.5156870803365634,0.0013885838932547537,12909.006885103736,17.925239038569767
0.42,3.633619215524971,0.00283077513872688,0.0003452984125149766,1135.879497905015,0.39221738743491036,0.0015073656429177096,8138.32329340866,12.267428923441116,3.620320720229056,0.0016022237415105783,0.0001472914861465796,3478.2494645807737,0.512316532826647,0.0012913038953446675,13150.241203980382,16.980957691421818
0.425,3.6386163948208314,0.0028340930933978647,0.00034872853605615587,1125.9120496408568,0.3926376607992419,0.0014726667915338412,8180.862621914715,12.047684709394272,3.6257912579957945,0.0016046716308167504,0.00014817982399799236,3434.6510313281665,0.5089459853167306,0.00119402389743458,13430.783402852705,16.036676344273857
0.43,3.6436135741166913,0.0028374110480688494,0.0003521586595973351,1116.1387728275752,0.39305793416357343,0.0014379679401499727,8225.454938942405,11.827940495347429,3.631261795762533,0.0016071195201229225,0.00014906816184940514,3391.5722279957245,0.5055754378068142,0.0010967438995244925,13761.093181069342,15.092394997125893
0.435,3.650009818479191,0.002840729002739834,0.0003555887831385143,1106.554048344746,0.39347820752790497,0.0014032690887661042,8272.252538184022,11.608196281300586,3.6367323335292716,0.0016098031941711357,0.0001498667090895473,3361.920965553902,0.5038400313267166,0.0010587291121218522,13874.914815096727,14.68977624295369
0.44,3.6574089116418955,0.002844046957410819,0.0003590189066796936,1097.152471815813,0.3938984808922365,0.001368570237382236,8321.423158403082,11.388452067253741,3.64220287129601,0.0016126813499108671,0.00015059119458247383,3343.1790962199602,0.503453333802919,0.0010695978881249096,13775.210053204317,14.733935581384362
0.445,3.6648080048046,0.0028473649120818035,0.00036244903022087283,1087.9288434466885,0.394318754256568,0.0013338713859983675,8373.15199234701,11.168707853206898,3.647673409062749,0.0016155595056505984,0.00015131568007540036,3324.616695562841,0.5030666362791215,0.0010804666641279672,13677.511218490274,14.778094919815034
0.45,3.6722070979673043,0.0028506828667527882,0.0003658791537620521,1078.8781584359308,0.3947390276208995,0.001299172534614499,8427.64401758918,10.948963639160056,3.6531439468294877,0.0016184376613903298,0.00015204016556832689,3306.231198027863,0.502679938755324,0.0010913354401310246,13581.758378950986,14.822254258245707
0.455,3.679606191130009,0.0028540008770950504,0.0003691170798174828,1070.544169167439,0.39515613753871837,0.0012677151295922592,8479.96459370197,10.750179413842664,3.6589489147423473,0.001621315817130061,0.00015276465106125344,3288.0200867288595,0.5022932412315265,0.0011022042161340823,13487.893966527789,14.866413596676379
0.46,3.6870052842927135,0.0028573195946531744,0.00036991343964541657,1069.2584222733403,0.39553306085296264,0.0012774351933281128,8468.264282206015,10.817658820493394,3.6662228438582454,0.0016241939728697924,0.00015348913655417997,3269.980892299576,0.5019065437077289,0.0011130729921371397,13395.862661691415,14.910572935107052
0.465,3.6944043774554176,0.002860638312211299,0.00037070979947335036,1067.9781994693888,0.39590998416720685,0.0012871552570639664,8456.740682529158,10.885138227144122,3.6734967729741435,0.0016270721286095237,0.0001542136220471065,3252.1111917774415,0.5015198461839314,0.0011239417681401973,13305.611284722994,14.954732273537724
0.47000000000000003,3.701803470618122,0.0028639570297694233,0.0003715061593012842,1066.7034652312996,0.39628690748145107,0.00129687532079982,8445.389821313014,10.95261763379485,3.680770702090042,0.001629950284349255,0.00015493810754003306,3234.4086075186547,0.5011331486601339,0.0011348105441432547,13217.08869324269,14.998891611968396
0.47500000000000003,3.709202563780827,0.0028672757473275474,0.000372302519129218,1065.434184338737,0.39666383079569534,0.0013065953845356735,8434.207843434104,11.020097040445577,3.68804463120594,0.0016328284400889865,0.0001556625930329596,3216.870806143578,0.5007464511363364,0.0011456793201463124,13130.24568557103,15.043050950399069
0.48,3.716601656943531,0.002870594464885672,0.0003730988789571518,1064.170321872067,0.39704075410993955,0.0013163154482715269,8423.191007638454,11.087576447096305,3.695318560321838,0.0016357065958287178,0.00015638707852588612,3199.4954975114283,0.5003597536125388,0.0011565480961493696,13045.0349095393,15.087210288829741
0.485,3.7239012254208403,0.0028739131824437963,0.00037389523878508563,1062.9118432091584,0.39741767742418377,0.0013260355120073804,8412.33568236817,11.155055853747033,3.7025924894377362,0.0016385834224168054,0.00015707509882803984,3171.5143333838296,0.49816592735080995,0.0011474347955170645,13052.5603166911,14.976961877956603
0.49,3.730912896577458,0.0028772319000019203,0.0003746915986130194,1061.65871402222,0.39779460073842804,0.001335755575743234,8401.638341770258,11.22253526039776,3.7098664185536347,0.001641459439581093,0.00015774091263973908,3137.24316402036,0.49487159986535423,0.0011261528544729035,13117.83078292735,14.772682580686158
0.495,3.7379245677340753,0.0028805506175600447,0.0003754879584409532,1060.4109002746784,0.39817152405267225,0.0013454756394790876,8391.09556187841,11.290014667048489,3.717140347669533,0.0016443354567453805,0.00015840672645143833,3103.260091234813,0.49157727237989857,0.0011048709134287426,13185.615718858624,14.568403283415714
0.5,3.7449362388906926,0.002883869335118169,0.00037628431826888705,1059.1683682180978,0.39854844736691647,0.0013551957032149411,8380.704016959135,11.357494073699216,3.724414276785431,0.001647211473909668,0.00015907254026313757,3069.561497457235,0.48828294489444285,0.0010835889723845816,13256.063278804973,14.36412398614527
0.505,3.7519479100473103,0.002887188052676293,0.00037708067809682084,1057.931084389137,0.39892537068116074,0.0013649157669507947,8370.460476013986,11.424973480349944,3.7314737065344152,0.0016500874910739555,0.00015973835407483681,3036.143825432005,0.4849886174089872,0.0010623070313404205,13329.333489403638,14.159844688874827
0.51,3.7589595812039276,0.002887409714362668,0.0003782801098025097,1054.4873285992126,0.39889158244786527,0.0013672597188503749,8353.450155969796,11.421335911681885,3.7379213204750252,0.0016529635082382433,0.00016040416788653606,3003.0035769660553,0.48169428992353147,0.0010410250902962595,13405.599463153041,13.955565391604383
0.515,3.7659712523605453,0.002886581367846098,0.0003796161967044704,1050.3201717141653,0.39871854890811775,0.001367102915757263,8334.110853673596,11.393587248301426,3.7443689344156352,0.0016558395254025308,0.0001610699816982353,2970.1373117081394,0.4783999624380758,0.0010197431492520986,13485.048763916115,13.751286094333938
0.52,3.7729829235171626,0.002885753021329528,0.00038095228360643114,1046.1822451761834,0.3985455153683703,0.0013669461126641514,8314.767114534727,11.365838584920969,3.7508165483562452,0.0016587155425668184,0.00016173579550993455,2937.5416459582502,0.4751056349526201,0.0009984612082079376,13567.88494705567,13.547006797063494
0.525,3.7799945946737803,0.0028849246748129578,0.0003822883705083919,1042.0732425075896,0.3983724818286228,0.0013667893095710396,8295.418937026157,11.33808992154051,3.7572641622968552,0.0016615915597311059,0.00016240160932163376,2905.2132515063304,0.47181130746716443,0.0009771792671637767,13654.329300824993,13.34272749979305
0.53,3.7870062658303976,0.0028840963282963875,0.00038362445741035265,1037.992861500309,0.3981994482888753,0.0013666325064779277,8276.066319620157,11.310341258160053,3.763711776237465,0.0016644675768953934,0.000163067423133333,2873.1488544994245,0.4685169799817087,0.0009558973261196157,13744.622820378652,13.138448202522605
0.535,3.794017936987015,0.0028832679817798177,0.0003849605443123134,1033.9408041417728,0.3980264147491278,0.001366475703384816,8256.709260788284,11.282592594779594,3.7701593901780748,0.001665543877979264,0.00016330794577282403,2860.4039418364664,0.4671266918218018,0.0009475400913387169,13849.683715771322,13.123130573054299
0.54,3.7991356126739753,0.0028824396352632475,0.0003862966312142741,1029.916776542366,0.3978533812093803,0.0013663189002917043,8237.347759001406,11.254843931399137,3.7766070041186848,0.001665830220378303,0.00016336179315907726,2856.0665530513174,0.4665721534881281,0.0009448559647067392,13960.598607829166,13.190754865483987
0.545,3.804113459883851,0.0028816112887466772,0.0003876327181162349,1025.9204888643717,0.39768034766963284,0.0013661620971985925,8217.981812729686,11.227095268018678,3.7830546180592948,0.0016661165627773421,0.00016341564054533046,2851.7320227079736,0.46601761515445433,0.0009421718380747614,14072.145464468467,13.258379157913673
0.55,3.809091307093727,0.0028807829422301074,0.0003889688050181956,1021.9516552523802,0.3975073141298853,0.0013660052941054806,8198.61142044258,11.199346604638219,3.7895022319999048,0.0016664029051763813,0.0001634694879315837,2847.4003479816934,0.4654630768207806,0.0009394877114427836,14184.329702278323,13.32600345034336
0.555,3.8140691543036027,0.002879954595713537,0.00039030489192015634,1018.0099937651294,0.39733428059013787,0.0013658484910123688,8179.236580608847,11.171597941257762,3.7959297529894402,0.0016666892475754203,0.0001635233353178369,2843.071526051458,0.46490853848710684,0.0009368035848108058,14297.156799926193,13.393627742773047
0.56,3.819047001513478,0.0028795309878606344,0.0003909421742220262,1017.6911576920893,0.3978583938746763,0.0013628855251695254,8178.523699626568,11.146391567476964,3.8023171060578576,0.0016669755899744595,0.00016357718270409012,2838.745554099962,0.4643540001534331,0.0009341194581788281,14410.632299049817,13.461252035202735
0.5650000000000001,3.824024848723354,0.002879665102413759,0.00039061651668668225,1022.340698748009,0.39934316261197605,0.0013560557188664578,8203.710413261348,11.124688421827363,3.808704459126275,0.0016672619323734987,0.00016363103009034332,2834.4224293136103,0.4637994618197594,0.0009314353315468503,14524.761805164497,13.528876327632421
0.5700000000000001,3.8290026959332297,0.0028797992169668834,0.0003902908591513383,1026.9979989304636,0.40082793134927586,0.0013492259125633902,8229.1521181084,11.102985276177762,3.815091812194692,0.0016675482747725377,0.00016368487747659655,2830.1021488825063,0.46324492348608565,0.0009287512049148725,14639.55098858616,13.596500620062109
0.5750000000000001,3.8339805431431055,0.002879933331520008,0.00038996520161599434,1031.663077678249,0.4023127000865756,0.0013423961062603226,8254.852706179732,11.081282130528159,3.8214791652631095,0.0016678346171715768,0.00016373872486284975,2825.7847100004533,0.4626903851524119,0.0009260670782828946,14755.00558537044,13.664124912491795
0.58,3.838958390352981,0.002880067446073133,0.0003896395440806504,1036.3359544951486,0.40379746882387535,0.0013355662999572553,8280.81614909909,11.05957898487856,3.827866518331527,0.001668120959570616,0.00016379257224910298,2821.470109864943,0.4621358468187382,0.000923382951650917,14871.13139826816,13.731749204921481
0.585,3.8439362375628567,0.0028802015606262574,0.0003893138865453064,1041.0166489502049,0.4052822375611751,0.0013287364936541877,8307.04650014801,11.037875839228958,3.834253871399944,0.0016682998328073424,0.00016395283631747445,2813.817546614544,0.4613333676473319,0.0009271726834839796,15012.159290646003,13.91886401439721
0.59,3.8477119566655906,0.002880335675179382,0.00038898822900996247,1045.7051806779918,0.40676700629847484,0.0013219066873511201,8333.54789637529,11.016172693579355,3.8406412244683614,0.0016684462915336144,0.0001641451974505371,2805.175615812018,0.4604561053408957,0.000932915040129408,15158.957213875143,14.142019177502307
0.595,3.85070445492371,0.0028804697897325065,0.0003886625714746185,1050.4015693788908,0.40825177503577464,0.0013150768810480525,8360.324560772215,10.994469547929754,3.847028577536779,0.0016685927502598863,0.00016433755858359975,2796.5539161923734,0.4595788430344595,0.0009386573967748364,15303.95902697318,14.365174340607403
0.6,3.8536969531818297,0.002880603904285631,0.00038833691393927455,1055.1058348193656,0.4097365437730744,0.001308247074744985,8387.380804515891,10.972766402280152,3.8534159306051965,0.0016687392089861583,0.00016452991971666238,2787.952376795389,0.45870158072802336,0.0009443997534202648,15447.19749330619,14.5883295037125
0.605,3.8566894514399492,0.0028807380188387555,0.0003880112564039306,1059.8179968322395,0.41122131251037414,0.0013014172684419174,8414.721029283239,10.951063256630551,3.858518050578368,0.0016688856677124302,0.00016472228084972503,2779.3709269923056,0.45782431842158716,0.0009501421100656933,15588.704584194802,14.811484666817595
0.61,3.8596819496980688,0.0028807424845613463,0.0003879107171624353,1063.0768703745186,0.4123789111857768,0.001294510791287657,8439.199139749537,10.924634356231287,3.8617519871990273,0.0016690321264387022,0.00016491464198278765,2770.8094964839033,0.456947056115151,0.0009558844667111216,15728.51150270477,15.03463982992269
0.615,3.8626744479561883,0.002879499375360992,0.0003899764291469996,1052.3411466878047,0.41038824262976903,0.0012868665316877314,8433.454872428767,10.852730821827405,3.8649859238196873,0.001669178585164974,0.0001651070031158503,2762.2680152985713,0.4560697938087148,0.0009616268233565501,15866.648706585147,15.257794993027789
0.62,3.865666946214308,0.002878256266160638,0.00039204214113156395,1041.7185583544415,0.4083975740737613,0.0012792222720878056,8427.641952972132,10.780827287423522,3.8682198604403473,0.001669325043891246,0.00016529936424891292,2753.74641379041,0.4551925315022786,0.0009673691800019785,16003.145930389494,15.480950156132884
0.625,3.8686594444724274,0.0028770131569602836,0.0003941078531161283,1031.207326381292,0.4064069055177536,0.00127157801248788,8421.759143245417,10.70892375301964,3.871453797061007,0.001669471502617518,0.00016549172538197557,2745.2446226373318,0.4543152691958425,0.0009731115366474069,16138.032206813863,15.70410531923798
0.63,3.8716519427305465,0.00287577004775993,0.00039617356510069263,1020.8057088790321,0.4044162369617459,0.0012639337528879543,8415.805175161511,10.637020218615756,3.8746877336816667,0.0016696179613437901,0.00016568408651503822,2736.762572839186,0.4534380068894063,0.0009788538932928353,16271.335887283694,15.927260482343076
0.635,3.874644440988666,0.0028745269385595756,0.00039823927708525697,1010.512000099842,0.4024255684057382,0.0012562894932880288,8409.778749769115,10.565116684211874,3.8779216703023267,0.0016697620136785745,0.00016589643893101348,2727.057192419162,0.45240907698354665,0.0009676084491417005,16204.974356607232,15.68007010557775
0.64,3.8777994661845816,0.0028732838293592214,0.0004003049890698213,1000.3245295048933,0.40043489984973046,0.001248645233688103,8403.678536307996,10.493213149807993,3.8811556069229862,0.0016699056136752922,0.00016611254918037148,2717.1435258825027,0.4513516375732852,0.0009531697469484496,16098.357332874037,15.344467185261264
0.645,3.8813730837773717,0.0028720407201588676,0.00040237070105438564,990.24166086056,0.39844423129372275,0.0012410009740881774,8397.503171229291,10.421309615404109,3.884389543543646,0.0016700492136720098,0.0001663286594297295,2707.255620930823,0.45029419816302374,0.0009387310447551988,15988.46053808604,15.008864264944776
0.65,3.8849467013701617,0.0028707976109585134,0.00040443641303895004,980.2617913623267,0.39645356273771504,0.0012333567144882517,8391.251257179425,10.349406081000227,3.887623480164306,0.0016701928136687275,0.00016654476967908752,2697.393377278611,0.44923675875276226,0.000924292342561948,15875.130268803297,14.673261344628289
0.655,3.888520318962952,0.002869554501758159,0.0004065021250235144,970.3833507854093,0.39446289418170727,0.0012257124548883261,8384.921361945955,10.277502546596343,3.891245571906435,0.0016703364136654451,0.00016676087992844552,2687.556695160205,0.44817931934250077,0.0009098536403686972,15758.203064947673,14.337658424311801
0.66,3.892093936555742,0.0028683113925578054,0.0004085678370080787,960.6048006611423,0.39247222562569956,0.0012180681952884004,8378.51201736377,10.205599012192462,3.895285502833779,0.0016704800136621628,0.00016697699017780354,2677.7454753264306,0.4471218799322393,0.0008954149381754464,15637.504923166438,14.002055503995315
0.665,3.895667554148532,0.0028682313268879357,0.0004112647136631973,953.3054038527621,0.39206087394908484,0.0012207366844419563,8348.391135618069,10.19118731531902,3.899325433761123,0.0016706236136588804,0.00016719310042716156,2667.9596190412644,0.44606444052197786,0.0008809762359821956,15512.850432840762,13.666452583678828
0.67,3.8992411717413225,0.002868502933138518,0.0004141524369083165,946.8181971085941,0.39212706364166294,0.001226523461143842,8311.426458055434,10.194159546376655,3.903365364688467,0.001670767213655598,0.0001674092106765196,2658.199028078519,0.44500700111171637,0.0008665375337889447,15384.041825716487,13.33084966336234
0.675,3.9028147893341125,0.0028687745393891004,0.0004170401601534357,940.4208294710679,0.392193253334241,0.001232310237845728,8274.808943615108,10.19713177743429,3.9074052956158107,0.0016709108136523157,0.00016762532092587758,2648.463604718558,0.4439495617014549,0.0008520988315956939,15250.867928911646,12.995246743045854
0.68,3.9063884069269026,0.0028690461456396823,0.0004199278833985549,934.1114475471123,0.3922594430268191,0.0012380970145476138,8238.53372445044,10.200104008491925,3.9114452265431545,0.0016710544136490334,0.0001678414311752356,2638.753251745035,0.4428921222911934,0.000837660129402443,15113.103009642236,12.659643822729366
0.685,3.9099620245196927,0.0028693177518902646,0.0004228156066436741,927.8882485764717,0.39232563271939713,0.0012438837912494998,8202.596023299264,10.203076239549558,3.9154851574704983,0.0016718560277412362,0.00016919717709333758,2645.7394220907468,0.4476516415423127,0.0008362998116417534,15028.594239616483,12.568410531831605
0.6900000000000001,3.9135356421124827,0.002869589358140847,0.0004257033298887933,921.7494787143901,0.39239182241197523,0.0012496705679513858,8166.991151386566,10.206048470607193,3.919525088397842,0.0016727185482967371,0.0001706584088642624,2654.1298931628617,0.4529495844862487,0.0008361500426320815,14949.226464795047,12.49979634585502
0.6950000000000001,3.919844099313886,0.0028698609643914292,0.00042859105313391256,915.6934313837168,0.3924580121045533,0.0012554573446532716,8131.71450638518,10.209020701664828,3.9235650193251863,0.001673581068852238,0.0001721196406351872,2662.3779002737656,0.45824752743018476,0.0008360002736224096,14869.830252583311,12.431182159878432
0.7000000000000001,3.926284401109022,0.0028701325706420116,0.00043147877637903176,909.718445693188,0.3925242017971314,0.0012612441213551576,8096.761570432594,10.211992932722463,3.92760495025253,0.001674443589407739,0.00017358087240611198,2670.4870412772443,0.4635454703741208,0.0008358505046127377,14790.405587694908,12.362567973901845
0.705,3.9327247029041574,0.002870404176892594,0.0004343664996241509,903.8229049187966,0.3925903914897094,0.0012670308980570434,8062.127908202129,10.214965163780096,3.9330444395722215,0.00167530610996324,0.00017504210417703677,2678.46079388917,0.46884341331805673,0.000835700735603066,14710.952454832512,12.29395378792526
0.71,3.939165004699293,0.0028706757831431762,0.0004372542228692701,898.0052350453426,0.3926565811822875,0.0012728176747589292,8027.809165026721,10.217937394837731,3.939603042438446,0.001676168630518741,0.00017650333594796156,2686.3025206604807,0.4741413562619928,0.0008355509665933941,14631.470838687828,12.225339601948674
0.715,3.945605306494429,0.0028715666754570313,0.0004412665123726845,889.3554615272087,0.39244278276771055,0.0012813412552291606,7981.762776940879,10.227361935546817,3.94616164530467,0.001677031151074242,0.00017796456771888638,2694.015473705155,0.4794392992059288,0.0008354011975837222,14551.960723941582,12.156725415972087
0.72,3.9520456082895645,0.0028735575270672185,0.0004472762263032138,875.8160035112772,0.3917316769864863,0.0012947258731516452,7915.379701698079,10.248246895607855,3.9527202481708947,0.0016778936716297429,0.00017942579948981117,2701.6027991971746,0.48473724214986486,0.0008352514285740503,14472.422095263511,12.0881112299955
0.725,3.9584859100847005,0.0028755483786774053,0.00045328594023374307,862.6355606874262,0.3910205712052621,0.00130811049107413,7850.355092891726,10.269131855668894,3.959278851037119,0.0016787561921852438,0.00018088703126073596,2709.0675416495146,0.4900351850938009,0.0008351016595643786,14392.854937312362,12.019497044018914
0.73,3.964926211879836,0.0028775392302875925,0.00045929565416427237,849.8000403122456,0.3903094654240379,0.0013214951089966147,7786.647673287977,10.290016815729931,3.9658374539033434,0.0016796187127407448,0.00018234826303166078,2716.412647987402,0.49533312803773694,0.0008349518905547067,14313.259234735868,11.950882858042327
0.735,3.971366513674972,0.0028795300818977797,0.00046530536809480166,837.2960777092015,0.3895983596428137,0.0013348797269190995,7724.217821172934,10.310901775790969,3.9723960567695675,0.0016807680012462132,0.0001836663303731313,2691.515399701877,0.4943407566060155,0.0008539797781890302,14027.231093343806,11.978971697700011
0.74,3.9778068154701076,0.0028815209335079665,0.00047131508202533095,825.1109898509222,0.38888725386158945,0.0013482643448415842,7663.027488178478,10.331786735852006,3.978954659635792,0.001681920513269676,0.00018498278842348499,2666.61390956109,0.49327767663946126,0.0008732232391511464,13751.520829970137,12.008147562400984
0.745,3.9850017287543227,0.0028835117851181537,0.00047732479595586025,813.2327324479937,0.38817614808036527,0.0013616489627640688,7603.040121954573,10.352671695913044,3.985513262502016,0.0016830730252931387,0.00018629924647383867,2642.064345343592,0.492214596672907,0.0008924667001132626,13487.70035405725,12.037323427101956
0.75,3.9926428669496,0.0028855026367283405,0.00048333450988638954,801.6498602390648,0.387465042299141,0.0013750335806865536,7544.22059335785,10.373556655974081,3.9920718653682408,0.0016842255373166015,0.00018761570452419235,2617.859298889452,0.49115151670635276,0.0009117101610753788,13235.016792584907,12.066499291802929
0.755,4.000284005144877,0.0028874934883385277,0.0004893442238169188,790.3514902070558,0.38675393651791684,0.0013884181986090383,7486.535127851682,10.394441616035119,3.9991316639376215,0.0016853780493400641,0.00018893216257454603,2593.9915685156398,0.4900884367397985,0.000930953622037495,12992.779522175528,12.095675156503901
0.76,4.007925143340155,0.002889484339948715,0.0004953539377474481,779.3272674729665,0.38604283073669265,0.0014018028165315231,7429.9512408362625,10.415326576096158,4.006486095118862,0.001686530561363527,0.0001902486206248997,2570.4541518722617,0.48902535677324427,0.0009501970829996112,12760.353865672556,12.124851021204874
0.765,4.015566281535432,0.0028914751915589017,0.0005013636516779774,768.5673336426161,0.3853317249554684,0.0014151874344540078,7374.437676648522,10.436211536157195,4.013840526300102,0.0016876830733869896,0.0001915650786752534,2547.240239093356,0.48796227680669,0.0009694405439617273,12537.155539458929,12.154026885905846
0.77,4.02320741973071,0.002893466043169089,0.0005073733656085068,758.0622974029355,0.3846206191742442,0.0014285720523764924,7319.964350991183,10.457096496218233,4.021194957481343,0.0016888355854104524,0.00019288153672560707,2524.3432062281713,0.4868991968401358,0.0009886840049238435,12322.645749230329,12.183202750606819
0.775,4.030848557925987,0.0028911448395950463,0.0005201046193110393,734.0768646219846,0.38179676821925856,0.001427900273655926,7318.3689069662005,10.449900964972057,4.028549388662584,0.001689988097433915,0.00019419799477596075,2501.7566089396196,0.4858361168735815,0.0010079274658859598,12116.326847560615,12.212378615307792
0.78,4.038489696121265,0.0028882872074634464,0.0005336720464228661,709.6307366032034,0.37871008740759743,0.0014254798502048218,7323.296896268035,10.439212162697595,4.035903819843824,0.0016910528993657598,0.00019537521558259194,2479.9697138183255,0.4845246174755542,0.0010249534281519975,11937.144651979579,12.235017333392753
0.785,4.046130834316542,0.0028854295753318465,0.000547239473534693,686.3967691689608,0.3756234065959363,0.0014230594267537176,7328.241649199904,10.428523360423133,4.0432582510250645,0.001690797014964731,0.00019445588488164702,2465.713837824097,0.4794725661990067,0.0010085896154554011,12055.670020722853,12.15922359025807
0.79,4.053771972511819,0.0028825719432002466,0.0005608069006465199,664.2869860459998,0.37253672578427516,0.0014206390033026134,7333.203251445255,10.417834558148671,4.050612682206305,0.0016905411305637025,0.00019353655418070207,2451.3225262835886,0.47442051492245924,0.0009922258027588048,12178.10483614352,12.083429847123387
0.795,4.0595720043310735,0.0028797143110686463,0.0005743743277583468,643.2217233915973,0.369450044972614,0.001418218579851509,7338.181789272472,10.407145755874211,4.057967113387545,0.0016902852461626737,0.00019261722347975715,2436.793839961251,0.4693684636459118,0.0009758619900622083,12304.645765763715,12.007636103988704
0.8,4.061131225129038,0.0028768566789370465,0.0005879417548701737,623.1286706994495,0.3663633641609529,0.0014157981564004048,7343.177349539863,10.396456953599749,4.065321544568786,0.0016900293617616452,0.00019169789277881223,2422.1258024213594,0.4643164123693643,0.0009594981773656119,12435.502893412431,11.931842360854022
0.805,4.062690445927003,0.0028739990468054466,0.0006015091819820006,603.9420415034701,0.36327668334929175,0.0014133777329493006,7348.190019700725,10.385768151325287,4.068294130791678,0.0016897734773606164,0.00019077856207786728,2407.3163991317097,0.4592643610928168,0.0009431343646690155,12570.90088312084,11.856048617719338
0.81,4.064249666724968,0.0028711414146738463,0.0006150766090938274,585.6018538378283,0.3601900025376306,0.0014109573094981964,7353.219887808439,10.375079349050825,4.06942249393292,0.0016895175929595877,0.00018985923137692235,2392.3635765412637,0.4542123098162693,0.0009267705519724191,12711.080266321665,11.780254874584655
0.8150000000000001,4.065808887522933,0.0028682837825422464,0.0006286440362056544,568.0533038718701,0.3571033217259695,0.001408536886047092,7358.267042521631,10.364390546776363,4.070550857074163,0.0016892617085585591,0.0001889399006759774,2377.2652411308795,0.44916025853972186,0.0009104067392758227,12856.298867866699,11.704461131449973
0.8200000000000001,4.067368108320897,0.0028654261504106465,0.0006422114633174812,551.246218940969,0.35401664091430834,0.0014061164625959878,7363.3315731093735,10.353701744501903,4.0716792202154055,0.0016890058241575303,0.00018802056997503248,2362.019258436181,0.44410820726317435,0.0008940429265792263,13006.833388648041,11.62866738831529
0.8250000000000001,4.068927329118862,0.0028625685182790466,0.0006557788904293081,535.1345784749333,0.3509299601026472,0.0014036960391448836,7368.413569456456,10.34301294222744,4.072807583356648,0.0016887499397565018,0.00018710123927408753,2346.6234520416333,0.4390561559866269,0.0008776791138826299,13162.981165261665,11.552873645180606
0.8300000000000001,4.0704865499168275,0.0028606954110426785,0.0006724251880135796,517.0208835046254,0.3476578647975448,0.0013915128270431032,7378.412349541144,10.267155427599743,4.073935946497891,0.001688494055355473,0.0001861819085731426,2331.075602544801,0.43400410471007944,0.0008613153011860334,13325.06213025817,11.477079902045924
0.835,4.072045770714792,0.0028601966549459444,0.0006933694461299614,496.31108115709003,0.34412693945005385,0.0013657012143056093,7395.706545519807,10.100325409864343,4.075064309639134,0.0016884000703630872,0.00018550072759347438,2315.1351815764087,0.4294592606596742,0.0008449002096060504,13484.42754672094,11.392995660642123
0.84,4.073604991512757,0.0028596978988492104,0.0007143137042463437,476.8157352684673,0.34059601410256285,0.0013398896015681147,7413.667051750726,9.93349539212894,4.076192672780377,0.0016900730469684491,0.00018741870009767586,2296.7294580041985,0.4304500494951865,0.0008279254630002705,13550.047510567008,11.218429358861853
0.845,4.075164212310722,0.0028591991427524763,0.000735257962362726,458.4310623062481,0.33706508875507185,0.0013140779888306201,7432.333131981578,9.766665374393536,4.07732103592162,0.001691746023573811,0.00018933667260187734,2278.6966328382646,0.4314408383306988,0.0008109507163944907,13618.41457663778,11.043863057081582
0.85,4.07572988247499,0.0028587003866557418,0.0007562022204791083,441.0647765570737,0.33353416340758085,0.0012882663760931258,7451.747196702572,9.599835356658131,4.078449399062863,0.001693419000179173,0.00019125464510607885,2261.0254873881054,0.4324316271662111,0.0007939759697887109,13689.704939299107,10.869296755301313
0.855,4.076272212670369,0.0028582016305590077,0.0007771464785954905,424.63454078373104,0.3300032380600898,0.0012624547633556312,7471.955124831247,9.433005338922728,4.079209405594684,0.001695091976784535,0.00019317261761028033,2243.705248515809,0.4334224160017234,0.000777001223182931,13764.110189828054,10.694730453521043
0.86,4.0768145428657485,0.0028577028744622736,0.0007980907367118728,409.06666083816737,0.3264723127125988,0.0012366431506181366,7493.006625683102,9.266175321187324,4.079864246386752,0.0016967649533898969,0.0001950905901144818,2226.7255667344903,0.43441320483723567,0.0007600264765771512,13841.839035817928,10.520164151740772
0.865,4.077356873061127,0.002857204118365539,0.0008190349948282551,394.2949805616376,0.3229413873651078,0.0012108315378806423,7514.9556472395825,9.099345303451921,4.0805190871788195,0.0016984379299952587,0.00019700856261868329,2210.0764955860677,0.43540399367274796,0.0007430517299713713,13923.11925625838,10.345597849960502
0.87,4.077899203256507,0.002856705362268805,0.0008399792529446374,380.2599420139118,0.3194104620176168,0.0011850199251431477,7537.860837772403,8.932515285716518,4.081173927970887,0.0017001109066006207,0.00019892653512288476,2193.7484722120253,0.43639478250826025,0.0007260769833655915,14008.199930859057,10.171031548180231
0.875,4.078441533451886,0.002856206606172071,0.0008609235110610197,366.90778287705194,0.3158795366701258,0.0011592083124056531,7561.786069140653,8.765685267981114,4.081828768762955,0.0017017838832059826,0.00020084450762708624,2177.732299037417,0.43738557134377254,0.0007091022367598117,14097.353989571437,9.99646524639996
0.88,4.078983863647266,0.002855707850075337,0.0008818677691774019,354.1898482285963,0.3123486113226348,0.0011333966996681585,7586.801031592316,8.59885525024571,4.082483609555023,0.0017034568598113446,0.00020276248013128775,2162.0191264943996,0.43837636017928483,0.0006921274901540319,14190.881137279843,9.821898944619692
0.885,4.079526193842645,0.0028552090939786023,0.0009028120272937842,342.0619981114312,0.3088176859751438,0.0011075850869306642,7612.981911734751,8.432025232510307,4.083138450347091,0.0017051298364167064,0.00020468045263548923,2146.600436717111,0.4393671490147971,0.0006751527435482521,14289.111219689417,9.647332642839421
0.89,4.080068524038024,0.0028603591083119937,0.0009315099980570444,329.8097678289428,0.3072210961895328,0.0010928252162669164,7613.871752607803,8.320631044672188,4.08379329113916,0.0017068630985773183,0.0002067098017297718,2129.313744509349,0.4401500219480055,0.0006589363477539444,14383.809490906562,9.478014892726492
0.895,4.080610854233403,0.00286583597956228,0.0009606566247962548,318.25776837911997,0.3057364335862736,0.0010787048366898092,7613.245330578212,8.212444561000822,4.084448131931228,0.0017095921764977001,0.00021057890436389703,2077.5987791591747,0.4374984746231091,0.0006552466291440662,14338.714541505182,9.395394369580275
0.9,4.081664057479221,0.0028713128508125662,0.0009898032515354652,307.3861098264062,0.3042517709830145,0.0010645844571127018,7612.602291141191,8.104258077329455,4.085102972723296,0.0017123212544180822,0.00021444800699802228,2027.7499119039283,0.43484692729821267,0.000651556910534188,14293.108853375294,9.312773846434057
0.905,4.082990855671148,0.0028767897220628525,0.0010189498782746758,297.13640958710545,0.3027671083797553,0.0010504640775355943,7611.941964181203,7.996071593658088,4.086624596017841,0.0017150503323384643,0.0002183171096321475,1979.6679275460451,0.4321953799733162,0.00064786719192431,14246.983700273859,9.23015332328784
0.91,4.084317653863074,0.0028822665933131387,0.0010480965050138863,287.4567793473412,0.30128244577649615,0.001036343697958487,7611.263643060903,7.887885109986721,4.088296989315971,0.0017177794102588462,0.00022218621226627276,1933.2605217359085,0.4295438326484198,0.0006441774733144318,14200.330156029202,9.147532800141622
0.915,4.085644452055001,0.002887743464563425,0.0010772431317530966,278.30094649603245,0.29979778317323696,0.0010222233183813795,7610.566582098688,7.779698626315354,4.089969382614101,0.0017205084881792283,0.00022605531490039798,1888.4417095506733,0.42689228532352336,0.0006404877547045536,14153.139088782265,9.064912276995406
0.92,4.086971250246927,0.002893220335813711,0.001106389758492307,269.6275144271882,0.2983131205699778,0.001008102938804272,7609.8499938342575,7.671512142643986,4.0916417759122305,0.0017232375660996102,0.00022992441753452323,1845.131293786694,0.4242407379986269,0.0006367980360946756,14105.401155027668,8.982291753849188
0.925,4.088298048438854,0.0028986972070639975,0.0011355363852315176,261.39933676031006,0.29682845796671864,0.0009939825592271648,7609.113046061099,7.563325658972619,4.093314169210361,0.0017259666440199923,0.00023379352016864846,1803.254386048058,0.42158919067373046,0.0006331083174847974,14057.106793446404,8.89967123070297
0.93,4.08962484663078,0.0029041740783142837,0.001164683011970728,253.58298552300198,0.29534379536345945,0.0009798621796500574,7608.354858602401,7.455139175301253,4.094986562508491,0.0017286957219403744,0.0002376626228027737,1762.7409746146445,0.418937643348834,0.0006294185988749192,14008.246218521603,8.817050707556753
0.935,4.090951644822706,0.00290965094956457,0.0011938296387099384,246.14829723757464,0.29385913276020026,0.0009657418000729499,7607.574499804103,7.346952691629886,4.096658955806621,0.0017314247998607563,0.00024153172543689894,1723.5255338441818,0.41628609602393757,0.0006257288802650412,13958.809413928402,8.734430184410535
0.9400000000000001,4.092278443014632,0.002915127820814856,0.001222976265449149,239.06798391509585,0.2923744701569411,0.0009516214204958425,7606.7709827157505,7.238766207958518,4.09833134910475,0.0017341538777811384,0.0002454008280710242,1685.546670524382,0.41363454869904115,0.000622039161655163,13908.78612568863,8.651809661264318
0.9450000000000001,4.093605241206559,0.002921370527499879,0.0012612867930719223,231.1732756974833,0.29157579954841006,0.0009479086117193528,7551.6642335916395,7.158287559834541,4.100003742402881,0.0017369317689181888,0.00024967281514761325,1645.946383445297,0.4109480671368202,0.0006193405592580538,13845.801389930979,8.575266376215792
0.9500000000000001,4.096511975965881,0.0029284659291436382,0.0013098005728966026,222.58420923615952,0.291540924775259,0.0009557837796175537,7437.518261105563,7.108659314574051,4.101676135701011,0.0017413304138686509,0.00026732184518618124,1522.8896002436918,0.4071016579519896,0.000649550162691491,13394.664793751394,8.700506695979204
0.9550000000000001,4.1026907783692925,0.0029355613307873976,0.0013583143527212832,214.60867980824685,0.29150605000210794,0.0009636589475157545,7325.237925213323,7.05903106931356,4.10885230770881,0.001745729058819113,0.00028497087522474923,1415.0753070787387,0.40325524876715896,0.0006797597661249282,12983.62665100805,8.825747015742616
0.96,4.108869580772704,0.0029426567324311566,0.0014068281325459624,207.18321484051944,0.2914711752289569,0.0009715341154139551,7214.777857869127,7.009402824053072,4.116468717963387,0.0017501277037695747,0.00030261990526331685,1319.83664205695,0.3994088395823284,0.0007099693695583648,12607.56832519968,8.950987335506026
0.965,4.115048383176116,0.002949752134074916,0.0014553419123706428,200.25280518519386,0.2914363004558058,0.000979409283312156,7106.094150196422,6.959774578792581,4.124085128217963,0.0017545263487200367,0.00032026893530188484,1235.09459331309,0.3955624303974978,0.0007401789729918019,12262.206826253581,9.076227655269438
0.97,4.121227185579528,0.0029568475357186754,0.0015038556921953233,193.76953998642514,0.29140142568265476,0.0009872844512103568,6999.144294291913,6.910146333532091,4.13170153847254,0.0017589249936704986,0.00033791796534045284,1159.2044856745413,0.39171602121266713,0.0007703885764252391,11943.930967576842,9.201467975032852
0.975,4.12740598798294,0.002963942937362435,0.0015523694720200037,187.6914975211192,0.29136655090950364,0.0009951596191085576,6893.887127792729,6.860518088271601,4.139317948727117,0.0017633236386209606,0.00035556699537902083,1090.8481863295056,0.38786961202783654,0.0008005981798586764,11649.674617599852,9.326708294796264
0.98,4.133584790386352,0.002971038339006194,0.001600883251844684,181.98183771405792,0.2913316761363526,0.0010030347870067585,6790.282781054949,6.81088984301111,4.146934358981693,0.0017677222835714226,0.0003732160254175889,1028.9568954423244,0.3840232028430059,0.0008308077832921135,11376.817604074316,9.451948614559676
0.985,4.139763592789764,0.0029781337406499533,0.0016493970316693643,176.60805480435377,0.2912968013632015,0.0010109099549049593,6688.292626801049,6.76126159775062,4.15455076923627,0.0017721209285218847,0.00039086505545615687,972.6548545366688,0.38017679365817525,0.0008610173867255507,11123.107479565704,9.57718893432309
0.99,4.145942395193176,0.0029852291422937127,0.0016979108114940447,171.5413581316206,0.29126192659005046,0.0010187851228031601,6587.879232102692,6.7116333524901295,4.162167179490846,0.0017765195734723465,0.00040851408549472486,921.2176466757452,0.3763303844733446,0.000891226990158988,10886.597198268944,9.702429254086502
0.995,4.152121197596588,0.002992324543937472,0.0017464245913187252,166.75615612867307,0.2912270518168994,0.001026660290701361,6489.006312573464,6.662005107229639,4.169783589745423,0.0017809182184228085,0.0004261631155332929,874.0408583281409,0.372483975288514,0.0009214365935924251,10665.59505254134,9.827669573849914
1.0,4.1583,0.0029994118036592815,0.0017948827019327461,162.23467792560442,0.2911922170622977,0.0010345264219014877,6391.749567755827,6.612433810020817,4.1774,0.001785312010865084,0.00044379267547056607,830.662220831268,0.3686418093950306,0.0009516128703196559,10458.845231191039,9.952771730682748
